text,label
cần nhiều tiết học hơn để giáo viên sửa bài trên lớp .,0
giáo viên nhiệt tình gần gũi .,1
thời gian kết thúc buổi học là 10h30 nhưng cô vẫn tận tâm bỏ ra 30 phút để dạy thêm .,1
phương pháp dạy không được thu hút lắm .,0
"cần giảng kỹ hơn phần lý thuyết , đi sâu chậm hơn một chút .",0
"sự thân thiện và không gây áp lực , không khí buổi học luôn thoải mái để tiếp thu bài .",1
giảng viên cho bài tập nhiều và dồn lại cùng một lúc đa số sinh viên đều làm kịp thời gian dù những môn khác có giảm thời gian học lại cũng không làm bài kịp .,0
"giảng viên nên tận tình hơn , giúp sinh viên có cách học tốt hơn .",0
"cách thầy giảng dậy rất khoa học , đơn giản dễ hiểu !",1
"chúng em đã gặp khó khắn với khổ giấy nhỏ , mô hình thì lớn và phức tạp .",0
"thầy rất vui tính , giảng hay và kỹ .",1
truyền đạt chính xác cho sinh viên những kiến thức cần thiết của môn học .,1
"giáo viên nhiệt tình , truyền đạt tốt .",1
cô rất quan tâm tới sinh viên .,1
em thấy vậy được rồi .,1
"cô dạy dễ hiểu , nhiệt tình .",1
hy vọng thầy đảm bảo thời gian lên lớp đủ 30 tiết .,0
"phương pháp thầy cho các bạn thuyết trình trên lớp cũng không khả quan , một buổi học đến 4 nhóm thuyết trình về 4 chủ đề khác nhau .",0
"giảng dạy tốt , đi dạy đúng giờ .",1
rất hài lòng về giảng viên wzjwz321 .,1
hoặc có thể cho cùng một giảng viên phụ trách lý thuyết và thực hành cho mỗi lớp .,0
thực sự thầy dạy rất tốt nên em không cần gì thêm .,1
slide còn nhiêu chỗ khó hiểu nếu chỉ ở nhà đọc slide mà không lên lớp nghe giảng .,0
giảng viên dạy bài nhanh khiến nhiều lúc sinh viên không theo kịp .,0
"rèn luyện kiến thức chuyên môn , tận tâm , nhiệt tình hơn .",1
thầy cô dạy tốt .,1
lịch thực hành ban ra quá trễ !,0
cô rất nhiệt tình và tận dụng tốt thời gian .,1
nội dung khó hiểu .,0
"thầy dạy hay , vui tính .",1
em có thêm một số đề nghị để cải tiến doubledot thêm kênh để trao đổi cho môn học .,0
sự nhiệt tình và tận tình của giáo viên .,1
rất chi tiết và dễ hiểu .,1
"cần thêm nhiều thông tin , tài liệu về môn học .",0
"giảng viên nhiệt tình , phương pháp giảng dạy hiệu quả .",1
"cô giáo thân thiện dễ gần , thực hành nhiều .",1
"phòng lab khoa wzjwz16 trên tầng 3 nhà wzjwz17 quá chật chội , bụi bám lớp dày , trang thiết bị mạng đầu tư đắt tiền nhưng ít khi sử dụng tới , không kiểm tra lau chùi sẽ dẫn đến hỏng hóc , quạt không còn quay .",0
có chăng là thầy cô làm những file hướng dẫn cụ thể để sinh viên biết mình cần tìm gì .,0
thực hành hình thức 2 giảng viên cần sử dụng thời gian của môn học có hiệu quả và ý nghĩa với học viên .,0
khi sinh viên hỏi phải có câu trả lời chính xác không được bỏ qua những câu hỏi của sinh viên .,0
hình thức thực hiện chưa chuyên nghiệp và máy móc .,0
tăng cường giảng viên hỗ trợ thực hành .,0
"nói khó nghe , diễn đạt khó hiểu .",0
không dạy bài tập cho sinh viên .,0
tiếp thu được nhiều kiến thức .,1
ít dạy ngữ pháp .,0
giảng viên cần giảng nhiệt tình và làm nhiều ví dụ và bài tập vào từng phần cụ thể hơn nữa .,0
giảng dạy đều .,1
rất không hài lòng với năng lực của mình không thể được phát huy .,0
"ít trang bị kiến thúc ngữ pháp vững vàng cho sinh viên , ít làm bài tập ngữ pháp trên lớp , một buổi học quá nhiều kiến thức không tiếp thu kịp , áp lực , sửa bài tập nhanh dot chỉ nói bằng miệng nên ít ghi chép để nhớ lâu .",0
"thầy có tâm và rất tận tình , rõ ràng trong các thông báo .",1
cần những hướng dẫn chi tiết hơn vì tiếp xúc những cái mới thực hành môn lập trình nhúng thầy không hướng dẫn sinh viên mà để sinh viên tự làm 100% .,0
thầy tận tâm vì sinh viên .,1
"tác phong và phương pháp giảng bài hiện đại , gần gũi , dễ tiếp thu .",1
thầy dạy cung cấp rất nhiều ví dụ thực tế .,1
"khả năng truyền đạt kiến thức cao , thường hay gọi lên bảng để kiểm tra năng lực sinh viên .",1
"vui vẻ , tận tâm , nhiệt huyết , nhiều kinh nghiệm .",1
hình thức thực hành 2 dường như không có tác dụng với sinh viên .,0
"nhưng số buổi gặp cô ít quá , mong phòng đào tạo sắp xếp số buổi được gặp nhiều hơn .",0
cần đưa ra nhiều ví dụ minh họa hơn .,0
"máy chiếu của phòng bị mờ , nên sửa lại .",0
không tập trung vào giảng kiến thức cho học sinh hiểu .,0
"truyền đạt tốt , giọng nói to rõ ràng .",1
hay điểm danh sớm .,0
"giảng viên giảng kỹ , nhiệt tình .",1
"có nhiều bài tập hay , rèn luyện kỹ năng tốt .",1
"em mong muốn cô tương tác với sinh viên nhiều hơn qua moodle ( post tài liệu tham khảo thêm , post ghi chú về bài giảng và các lưu ý trên lớp và cập nhật điểm số bài tập nhanh hơn ) .",0
"cô giáo thân thiện , giảng dạy nhiệt tình dễ hiểu và vui tính .",1
"rất nhiệt tình chỉ bảo , hướng dẫn sinh viên .",1
"giáo viên luôn chia sẻ những ứng dụng của kiến thức đã học với thực tiễn , chia sẻ khá nhiều kinh nghiệm thực tế vô cùng bổ ích với sinh viên .",1
bài giảng thực tế .,1
thời gian nộp bài tại lớp hơi ngắn .,0
phòng thực hành chưa có chất lượng .,0
thầy dạy vui và tốt .,1
chưa chú ý đến sinh viên lắm .,0
có nhiều bài vận dụng .,1
"giảng viên giảng bài không tạo được sự hứng thú cho sinh viên khi học , nên thường phải áp dụng phương pháp của các giáo viên dạy môn chính trị như doubledot không cho sử dụng điện thoại , laptop trong lớp , điểm danh hoặc gọi tên để trả lời câu hỏi .",0
cho làm nhiều bài test .,0
phòng học oi bức .,0
"giảng dạy tốt , đưa ra nhiều vấn đề cho sinh viên tham khảo .",1
"giảng viên cần hỗ trợ sinh viên nhiều hơn , hướng dẫn sinh viên về bài tập thực hành .",0
"giảng viên tận tâm , nhiệt tình , phương pháp giảng dạy dễ hiểu .",1
lịch thực hành trùng với lịch học lý thuyết các môn học khác .,0
thầy giảng rất tận tâm .,1
nội dung chưa cô động .,0
kêu sinh viên nếu có thời gian thì đi dự seminar nhưng lại bắt viết bài thu hoạch lấy điểm .,0
nội dung môn học em nghĩ là rộng quá ạ .,0
thầy cô giáo dạy rất nhiệt tình và vui vẻ .,1
"giảng viên giảng bài khá nhanh , sinh viên khó có khả năng theo kịp dù chú ý quan sát và lắng nghe giảng , chữ viết hơi khó nhìn .",0
"tăng cường hệ thống thiết bị phòng học quạt , ổ điện .",0
các code ví dụ không được chiếu hết trên slide .,0
"nhiệt tình , năng nổ .",1
cập nhật kiến thức thực tế .,1
hướng dẫn và đánh giá đúng kết quả học tập .,1
"giáo viên dạy hay , nhiệt tình , vui vẻ hài hước , nhiều kinh nghiệm giảng dạy .",1
không sửa bài chi tiết vì nghĩ nó dễ so với học sinh .,0
nhiệt tình và đưa nhiều ví dụ .,1
"ngoài các cuộc thi về game thì trường nên tổ chức những cuộc thi viết phần mềm hay sáng tạo ý tưởng phần mềm theo một hướng nào đó để học sinh vừa có thể học tập vừa có thể thi đua nhiều hơn , tạo sự năng động trong sinh viên .",0
thầy wzjwz307 dạy giỏi từ xưa đến giờ .,1
"nhiệt tình , thoải mái .",1
cô nên tăng tốc độ giải bài hơn .,0
thầy cho ít dạng bài tập .,0
thầy nên gửi cho lớp slide bài tập ạ .,0
không đánh giá đúng thực lực của sinh viên .,0
giáo viên tận tâm và nhiệt tình giúp đỡ học sinh trong quá trình học tập .,1
chúc cô mẹ tròn con vuông nha !,1
cho những bài tập bổ ích giúp sinh viên nắm rõ được kiến thức của môn học .,1
cho nhiều bài tập để nắm kiến thức sau khi học lý thuyết .,1
cần làm nhiều bài tập .,0
"giảng viên dạy rất nhiệt tình , tạo sự thoải mái trong lớp học làm sinh viên hứng thú khi đến lớp .",1
thầy không dùng micro nên ngồi ở xa không nghe rõ .,0
"thực sự em cảm thấy 90 phút thi giấy với đề thi đó là quá sức , dường như không một ai có thể hoàn thành dù rất nỗ lực .",0
thêm tiết sửa bài tập nhiều hơn .,0
quá nhiều hoạt động làm sinh viên choáng ngợp không bắt kịp .,0
giảng viên có khả năng truyền đạt .,1
chỉ dạy tận tâm .,1
chưa được tham gia chiến dịch thực tế và tham quan công ty .,0
thêm các buổi làm và sửa bài tập .,0
sau đó thầy cho lời giải sau vài tuần .,0
"anh văn ở đại học không thể dạy giống như cấp 3 được khi cô dạy lớp im không sôi nổi , chỉ có vài người giơ tay vì câu hỏi không mang tính tương tác , câu trả lời có sẵn trong bài chỉ cần đọc lên nên nhiều người chán không giơ tay , đi học chỉ để điểm danh .",0
nhiệt huyết với sinh viên .,1
"giảng viên dạy tận tâm , nhiệt tình , vui vẻ với sinh viên , dạy đầy đủ kiến thức cần thiết .",1
thầy trang bị cho chúng em những kiến thức khá hữu ích sau khi ra trường !,1
"học kỳ này em học lại môn game , và giờ của thời khoá biểu là tiết 1 - 2 ngày thứ 4 thế nhưng em không hiểu lý do gì lại chuyển sang thứ 7 vào tiết 6 - 7 và em bị kẹt giờ học anh văn bên ngoài nên không học được .",0
"em thấy việc thầy dời deadline nó không phù hợp và công bằng lắm đối với các bạn đã hoàn thành trước , có thể vì bài tập khó , nhưng nếu như vậy các nhóm đó cần bị trừ điểm nặng vì hoàn thành bài mà chậm deadline là một việc không thể chấp nhận được .",0
thầy khá nhiệt tình và rõ ràng .,1
"thầy tận tâm , nhiệt tình , giúp đỡ sinh viên , sẵn sàng giải đáp thắc mắc của sinh viên .",1
giảng dạy không hiệu quả .,0
"viết bài nhiều quá , nên đưa bài dạy lên hệ thống moodle .",0
thầy wzjwz127 dạy rất nhiệt tình .,1
"giảng viên hòa đồng , vui vẻ , tận tình giải đáp thắc mắc của sinh viên .",1
không có ổ cắm điện .,0
cho sinh viên làm nhiều bài tập từ dễ đến khó để hiểu bài .,0
bài tập lớn trong slide tiếng anh gây khó khăn cho sinh viên .,0
thầy có cập nhật slide bổ sung đầy đủ và hướng dẫn sinh viên học tập bằng cách đọc ebook nhiều hơn .,1
"nội dung bài giảng dễ hiểu , giảng viên nhiệt tình , vui tính .",1
"cười duyên , rất tốt với học sinh .",1
cô giảng hướng dẫn nhiệt tình .,1
"giảng dạy nhiệt tình , vui vẻ .",1
thầy rất tận tình .,1
"bảo thủ trong cách giảng dạy , không giải đáp thắc mắc hỗ trợ sinh viên khi đang thực hành .",0
giảng viên rất nhiệt tình và thân thiện .,1
"giảng viên rất nhiệt tình , phương pháp giảng dạy hay , dễ hiểu .",1
thầy dạy còn hơi khó hiểu .,0
"giảng viên rất nhiệt tình , phần kiến thức giảng dạy cũng rất mới và thú vị .",1
"thầy dạy rất dễ hiểu và cởi mở với sinh viên , hướng dẫn tận tình .",1
"không nắm được thực lực , bài tập quá sức với sinh viên .",0
"giảng viên truyền đạt tốt , chỉ bảo tận tình .",1
"thầy giảng dễ hiểu , kiến thức thực hành phong phú lấy từ nhiều nguồn và dễ gần .",1
sử dụng thời gian học không hiệu quả .,0
"thân thiện , nhiệt tình .",1
cần hướng dẫn nhiều hơn về phần bài tập .,0
thầy giảng dạy tận tình .,1
"thầy dạy kỹ , tận tâm với sinh viên , thường xuyên trao đổi với sinh viên ngoài giờ .",1
"thầy dạy nhiệt tình , rất hăng hái .",1
thầy vui lòng soạn slide bài giảng để tụi em có thể ôn bài ở nhà .,0
cần làm nhiều bài tập hơn là lý thuyết khô cứng khó hiểu dẫn đến nhiều sinh viên hoang mang khi gặp bài tập trong đề thi .,0
nghỉ học thường xuyên .,0
thầy rất hiền và nhiệt tình trong từng tiết học .,1
"không đảm bào giờ học trên lớp , sinh viên hỏi trả lời không thỏa mãn theo yêu cầu .",0
"thầy dạy nhanh , nhiều khi theo không kịp .",0
"đề cương cần được đổi mới , phân rõ phần trọng tâm môn học và phần đọc thêm mở rộng .",0
gần gủi với sinh viên .,1
kiến thức đầy đủ .,1
"giáo viên vui tính , dạy dễ hiểu .",1
thực sự thầy sử dụng giời lên lớp chưa hiệu quả .,0
thầy dạy rất hay và rất nhiệt tình điểm danh .,1
chất lượng mạng trong phòng máy mạnh nhưng chấy lượng máy kém .,0
đưa thêm các ví dụ trong thực tiễn để sinh viên dễ tiếp thu bài .,0
truyền đạt chưa được thu hút nên hơi khó hiểu một chút .,0
mong cô dạy thêm về ngữ pháp .,0
cô chủ đọng nhắc nhở các bạn học tập và ai có thắc mắc cô giải đáp hết .,1
"giảng viên nhiệt tình , thân thiện , truyền đạt kiến thức tốt .",1
cần tạo các buổi seminar để sinh viên có thể hiểu sâu thêm về các vấn đề trong chuyên ngành nhưng không có trong môn học .,0
"thầy rất vui tính , tận tâm và có một vốn kiến thức rất phong phú .",1
thầy dạy hay và ứng dụng thực tế .,1
"giảng dạy nhiệt tình , quan tâm tới sinh viên .",1
thầy dạy vui và dễ hiểu .,1
"đề thi còn khó đối với sinh viên , đó chưa phải mức trung bình mà học sinh học lực trung bình làm được .",0
giảng viên nhiệt tình và truyền đạt dễ hiểu .,1
cải thiện cơ sở vật chất và thiết bị dạy học .,0
"giảng dạy tận tâm , nhiệt tình .",1
"cô wzjwz103 dạy rất hay , rất nhiệt tình , cách dạy của cô cũng rất lý thú , tạo sự hứng thú cho sinh viên .",1
thầy theo chế độ trọng nam khinh nữ doubledot các câu hỏi dành cho nữ nhiều hơn dành cho nam .,0
có giúp đỡ sinh viên học tập nghiên cứu .,1
hay bị về trễ colonsad .,0
cách giảng dạy khó hiểu .,0
"thầy dễ thương , đẹp trai , kiến thức chuyên môn cao , tận tâm , nhiệt tình trả lời thắc mắc của sinh viên , em yêu thầy , hy vọng được gặp thầy ở các môn học sau .",1
"thầy dạy có tâm , nhiệt tình với sinh viên .",1
cách truyền đạt của cô làm em không hiểu mặc dù cô giảng rất kỹ năng nhưng em cũng không hiểu nổi những gì cô nói .,0
"em còn chưa thấy mặt thầy nữa , hoặc có nhưng quên rồi colondoublesurprise .",0
dạy nhiều kiến thức ngoài .,1
"giảng viên thường xuyên trao đổi tài liệu học tập , giảng viên tích cực .",1
"thiếu các thiết bị chạy hệ điều hành windows phone , ios , android cho sinh viên thực hành .",0
đúng giờ .,1
"phòng thực hành quy mô chưa lớn , vẫn còn các máy tính không sử dụng được .",0
"các tiết thực hạnh hay , thực tế , không khí vui vẻ .",1
"giảng viên nhiệt tình , hỗ trợ sinh viên tốt .",1
"thầy dạy hay , dễ hiểu , thầy thường xuyên cho chúng em làm các dạng bài tập .",1
"thầy dạy tận tình , luôn giải đáp mọi thắc mắc của sinh viên , thầy cũng vui tính .",1
"thầy truyền đạt chưa được tốt lắm , khó hình dung .",0
tận tình tích cực .,1
"thầy dạy rất trầm , bài giảng chưa lôi cuốn , rất nhàm chán .",0
"cô dạy nhiệt tình , kỹ và dễ hiểu .",1
"thầy rất nhiệt tình , em rất hài lòng về cách giảng dạy cũng như các tài liệu , nội dung thầy cung cấp .",1
cô dạy hay nhưng phòng máy nhiều hôm thiếu máy .,0
tôi rất thích .,1
thầy luôn biết cách thúc đẩy sinh viên học tập một cách hăng say hơn .,1
"giảng viên lên lớp đúng giờ , đầy đủ .",1
thầy viết chữ rất đẹp !,1
"mong giảng viên có thể lên lớp đúng giờ hơn , và khi có nghĩ tiết thì cần thông báo trước cho sinh viên biết trước .",0
"giảng viên có nhiều ví dụ , bài tập minh họa cho bài học .",1
"giữa các thầy cô nên thống nhất , tránh để sinh viên lao đao .",0
"mỗi tháng chỉ gặp giảng viên một lần rất khó cho việc học hỏi , hướng dẫn từ giáo viên .",0
"đi học thể dục thật ra em không biết thầy nào với thầy nào đâu , vì lâu lâu mới có thầy dạy .",0
"giảng viên giảng hay , dễ tiếp thu .",1
"ngoài ra , có bài không thấy yêu cầu nộp video nên em nộp code không cũng bị trừ , bài cuối thầy dặn không cần làm cũng chấm em 0 điểm .",0
đi dạy mà chỉ đọc slide .,0
cần tăng thời gian thực hành nói lên .,0
thầy giảng thực tế vào bài tập .,1
nên tổ chức thi hình thức trăc nghiệm .,0
không nắm vững được kiến thức môn học .,0
em xin đề xuất thêm những buổi thực hành để nâng cao tầm hiệu quả của môn học .,0
nên học ở giảng đường sẽ thuận tiện hơn .,0
nói tóm lại là giảng viên dạy không hay .,0
nói ngoài lề hơi nhiều .,0
cô nói hơi khó nghe và những điều học được ít gây được hứng thú nơi sinh viên .,0
dạy khá nhanh .,0
thực hành đa số sinh viên không hiểu .,0
ảnh hưởng đến việc thực hành .,0
môn học cần có thêm một số kiến thức hoặc các cách khác để giải quyết các bài toán khó .,0
"làm các bài lab trên win server 2012 rất khác so với win server 2003, mà lại toàn cho làm các bài lab trên win server 2003, có vẻ cũ .",0
giảng viên hay bận họp nên thời gian lên lớp nhiều buổi học bị cắt ngắn .,0
thầy giảng bài dễ hiểu nhiệt tình !,1
thầy cô dạy rất tốt !,1
"cô rất nhiệt tình trong mọi hoạt động cả trong và ngoài việc học , thường xuyên tổ chức những hoạt động bổ ích .",1
giảng viên ra đồ án cho sinh viên về làm để mở rộng kiến thức .,1
chưa hiệu quả .,0
chưa tận dụng tốt thời gian lên lớp .,0
đôi lúc giảng bài hơi nhanh .,0
"nhiệt tình với tất cả các câu hổi , ý kiến của sinh viên .",1
chỉ thông báo trên lớp sẽ khó tránh sai sót .,0
giảng viên nhiệt tình hướng dẫn thực hành .,1
"tiết thực hành nên tập trung vào đồ án , những cái chưa làm được .",0
"thầy vui vẻ , dễ gần , nhiệt tình , có những đồ án hay .",1
"cô wzjwz242 là một giảng viên rất tâm huyết và có khả năng truyền đạt cực kỳ cao , cô luôn truyền cảm hứng , kích thích khả năng học tập của sinh viên .",1
cho sinh viên cơ hội tham gia project thực tế .,1
nên phát hết các bài kiểm tra còn lại .,0
"cô rất dễ thương , giảng dạy nhiệt tình và dễ hiểu .",1
"cô rất vui vẻ , nhẹ nhàng nhưng vẫn nghiêm túc trong quá trình giảng dạy , không gây áp lực cho sinh viên .",1
"giảng viên thân thiện , nhiệt tình trong giảng dạy như hướng dẫn thực hành hay giải đáp thắc mắc của sinh viên .",1
"điều chỉnh chất lượng doubledot với chương trình học tập hiên nay , sinh viên thương lắm vững kiến thức khi gần đến cuối kỳ gây khó cho sinh viên làm đồ án thời gian hạn hẹp .",0
ít bài tập về nhà .,0
"tiết dạy thầy rất sinh động , không thể tin được , thật là không thể tin nổi , quá là tuyệt vời !",1
cô rất tận tâm và nhiệt huyết .,1
thầy giảng phần cuối hơi khó tiếp thu .,0
"không nên bắt sinh viên phải lên ngồi đủ 80% giờ học trở lên vì có những đề tài sinh viên đã nắm được cách làm , lên ngồi điểm danh mất thời gian vô ích .",0
"đảm bảo giờ lên lớp , nhiều lần lên lớp rồi mới nhận được thông báo nghỉ học , rất bất tiện cho sinh viên , do nhiều sinh viên có nhà xa mà tới lúc lên trường rồi mới có thông báo nghỉ thì thật khó cho sinh viên .",0
"thầy dạy rất tận tâm , nhiệt tình .",1
"số lượng bài tập tại lớp mỗi buổi khá nhiều , em mong thầy có thể giảm bớt 2 - 3 bài .",0
"người học thì chỉ biết học , lao đầu vào học , mà không hề hay biết những thứ đó bản chất là gì .",0
thầy chuẩn bị tài liệu thực hành cho sinh viên tốt .,1
"thầy cần quyết đoán hơn , chuẩn bị kỹ tài liệu và dạy nhanh , đủ hơn chút .",0
thầy wzjwz63 đưa ra những đề tài rất hay .,1
thường lố giờ .,0
học kỳ này học phần của em không có giáo viên này giảng dạy .,0
"hay cho nghỉ , mất tiết .",0
thầy dễ chịu nên tiết học diễn ra vui vẻ không nhàm chán .,1
phương pháp giảng dạy chưa được cập nhật .,0
thầy đôi lúc nói quá nhanh .,0
"thầy dạy chậm , nhưng dễ hiểu , học sinh dễ nắm bắt chương trình học , biết được hướng căn bản để làm bài .",1
ok hết .,1
nhiều khi giải đáp còn khó hiểu .,0
mọi thứ đều tốt .,1
cô dạy rất tận tâm nhiệt tình .,1
chương trình học quá nhiều và nhiều phần không cần thiết .,0
dạy rất có tâm .,1
rất hài lòng giảng viên .,1
thực trạng chung là giảng viên dạy thực hành ở trường chưa thật sự tận tâm giúp sinh viên nâng cao kỹ năng thực hành của môn học đó .,0
"lên lớp đúng giờ , tận tâm với sinh viên .",1
cô hướng dẫn rất nhiệt tình .,1
giảng viên sửa ít bài tập .,0
giảng dạy không truyền đạt được kiến thức nhiều cho sinh viên .,0
"thầy rất tận tình , quan tâm đến sinh viên .",1
"thoải mái , có hiệu quả .",1
"giảng viên nói tiếng anh hơi khó nghe , nói nhỏ , ít sử dụng micro .",0
"thầy dạy dễ hiểu , rất hài lòng .",1
bài tập về nhà hơi khó .,0
hơi khắt khe .,0
sự cố như sau doubledot đang học thì tất cả số đèn của nửa căn phòng đều tắt .,0
phương pháp dạy mới tích cực .,1
"chưa sinh động , hiệu quả giảng dạy kém hữu ích .",0
chấm điểm khó .,0
giảng viên cho quá nhiều bài tập nhưng lại ít hướng dẫn và giải .,0
khả năng tương tác chưa tốt .,0
giảng dạy nhiệt huyết kết hợp mở rộng kiến thức .,1
"cần cải tiến , đổi mới thực hành hình thức 2 .",0
giáo viên nên tập trung vào các vấn đề cần biết trên lớp để cho các sinh viên hiểu rõ hơn bài tập .,0
"giáo viên của lớp thường xuyên thay đổi , không đồng nhất , nhiều hôm nghỉ học không thông báo trước .",0
"chương trình học khá nặng , quá nhiều kiến thức .",0
hơi có phần cá nhân nhưng tiếng của thầy hơi khó nghe .,0
"cô giảng bài dễ hiểu , thoải mái , vui tính , cute , phương pháp học nhiều kiểu cho mỗi đứa .",1
"nếu thầy đã không đảm bảo giờ lên lớp , thì khi ra bài thi và đề cương ôn tập nên chú ý đến việc rõ ràng , hướng dẫn rõ sinh viên biết mình phải học gì .",0
"cô có khả năng truyền đạt tốt , giảng dạy kết hợp với luyện tập các kỹ năng cơ bản trong môn học rất linh hoạt và hấp dẫn , cô có sự nhiệt tình lớn .",1
giảng viên nhiệt tình và tận tâm với sinh viên .,1
thầy nên giảng chậm hơn để sinh viên có thể theo kịp bài và cho sinh viên copy slide bài giảng .,0
"cô nhiệt tình , giảng dạy tốt , quan tâm tất cả học sinh .",1
liên hệ kiến thức với chuyện thực tiễn .,1
thầy dạy lý thuyết suông quá ạ .,0
"riêng em , là một sinh viên kỹ thuật máy tính , em thấy môn này là cần thiết đối với em , tuy nhiên chưa thực sự là một môn học em cần phải đi sâu tìm hiểu , mong thầy về sau có thể hạ mức yêu cầu đầu ra với các bạn khoa khác ít liên quan tới môn học .",0
cập nhật điểm chậm .,0
"lớp học thụ động , giảng viên chưa biết cách tạo sự sôi nổi cho sinh viên có hứng học .",0
truyền đạt tốt và dạy chậm giúp sinh viên dễ hiểu .,1
thầy không vui tính .,0
sử dụng phần mềm crack .,0
em hoàn toàn hài lòng về phương pháp giảng dạy của cô .,1
giảng viên lên lớp đầy đủ và đúng giờ .,1
nói mở rộng nhiều vấn đề về môn học .,1
"giảng viên dạy tận tình , truyền đạt tốt .",1
"nhìn chung cô dạy khá là nhanh bạn nào có tư duy , logic không được tốt thì sẽ không hiểu cô nói .",1
thầy dạy rất dễ hiểu và nhiệt tình .,1
nội dung thi cũng chỉ toàn lý thuyết .,0
"tận tình , giảng bài dễ hiểu .",1
chưa dạy cách để áp dụng môn học vào thực tiễn .,0
giao tiếp nhiều hơn .,0
phòng máy không sử dụng được .,0
thầy cần cho bài tập và hướng dẫn nhiều hơn .,0
"dạy nhiệt tình , dễ tiếp thu .",1
"đúng chất "" anh "" thầy .",1
quá thoải mái cho sinh viên .,0
khó tiếp thu được kiến thức cô truyền đạt .,0
"thầy hay cho nghỉ , nói chung là không nhớ mặt thầy luôn rồi , thời gian thi không hợp lý , thay đổi giáo viên thường xuyên .",0
"giảng viên nhiệt tình , giảng dạy tốt , dễ hiểu .",1
cung cấp tài liệu tham khảo tốt .,1
mong bộ môn xem xét lại cấu trúc bài thi và chương trình cần dạy .,0
em xin lỗi nhưng đó là sự thật !,0
nên có nhiều bài tập vận dụng về nhà cho sinh viên .,0
"nhiệt tình , tận tâm với sinh viên .",1
rất quan tâm sinh viên .,1
thầy có cách giảng bài rất hay và dễ hiểu .,1
thầy vui tính dạy dễ hiểu .,1
"giảng viên giảng bài dễ hiểu , vui tính , nhiệt tình .",1
"thầy nghỉ nhiều quá , làm tụi em cũng nghỉ theo .",0
thầy đến rất đúng giờ .,1
"thầy dạy nhiệt tình , dạy những kiến thức sát với các kỳ thi .",1
giọng hơi khó nghe .,0
giảng viên hay đặt vấn đề để sinh viên suy nghĩ .,1
thầy rất ân cần rất tâm huyết với môn học .,1
"thầy nên cho bài tập nhiều hơn và deadline ngắn hơn để sinh viên có ý thức làm bài , không nên khoan dung quá sẽ làm sinh viên lười và ỷ lại .",0
"giảng dạy nhiệt tình , dễ hiểu , luôn khuyến khích sinh viên học tập tốt , sử dụng hiểu quả giờ lên lớp .",1
thầy dạy hơi gây buồn ngủ .,0
"thầy dạy rất chi tiết , hướng dẫn bài tập đầy đủ .",1
chữ viết trên bảng đôi khi hơi khó đoán .,0
thời lượng thi ít khiến nhiều câu bỏ trống .,0
"nhiệt tình , tận tâm , hài hước , famous name .",1
giảng viên cần cung cấp cho học viên tài liệu lý thuyết rõ ràng .,1
cách thầy wzjwz173 chấm điểm quá trình quá gắt .,0
cho nhiều bài tập để học tập cũng như ôn thi .,1
"kiến thức cung cấp cho sinh viên khá ít cũng như chỉ trong khuôn mẫu , cần có thêm nhiều kiến thức cho thực tế , để các sinh viên thuộc các khoa khác nắm rõ hơn và có thể tìm hiểu và xử lý trong cuộc sống nếu gặp phải .",0
cho cực kỳ nhiều bài và cực kỳ khó luôn .,0
"bài giảng hay , thiết thực .",1
mong giảng viên ngày càng chấn chỉnh việc dạy học để các khoá sau được hiểu tốt hơn .,0
các bài lab chưa có ứng dụng thực tiễn .,0
"em học cảm thấy hơi khó hiểu , cô dạy hơi nhanh .",0
"cô giảng bài rất kỹ , có ví dụ minh họa cụ thể .",1
"thường xuyên nhắc nhở các sinh viên ít phát biểu , chuyên cần , tích cực .",1
mô học cung cấp kiến thức mơ hồ lắm .,0
giảng viên giảng dạy nhiệt tình !,1
"thầy giảng bài nhiệt tình , gần gũi với sinh viên , nội dung không hiểu có thể hỏi ngay thầy tại lớp .",1
"hỗ trợ thêm thiết bị cho việc giảng dạy môn anh văn , nếu có điều kiện có thể cho sinh viên học kỹ năng nghe anh văn trong phòng máy với trang thiết bị như tai nghe .",0
thầy dạy chán chưa thu hút học sinh .,0
"giáo viên dạy khó hiểu , sinh viên không tiếp thu được .",0
dù đã kiến nghị riêng vói thầy nhưng thầy không thay đổi một cách linh hoạt giúp sinh viên nắm được lý thuyết dễ dàng hơn .,0
đa phần sinh viên không tập trung học nhiệt tình nên không theo kịp .,0
cô giảng dễ hiểu và nhiệt tình .,1
thầy dạy kỹ càng .,1
"tiếp cận với sinh viên một cách thân thiện , phương pháp dạy khoa học , dễ tiếp thu , dễ hiểu .",1
"thực hành mạng cần cung cấp tài liệu thực hành trước , những câu hỏi trong thực hành cần cho sinh viên biết để tìm hiểu nghiên cứu trước chứ đến khi thực hành mới cho biết để nghiên cứu thật sự không hiểu quả .",0
"cô nhiệt tình , nhưng cách trình bày của cô , nội dung cô nói khó hiểu quá !",0
có nhiều ví dụ hay .,1
dạy quá tiết học .,1
"phương pháp giảng dạy tiên tiến , giờ học vui .",1
cô dạy rất hay nhiều phần sinh động .,1
"thầy giáo nhiệt tình , đưa ra nhiều trường hợp cho thuật toán .",1
"giảng hay , giảng viên vui tính , nhiệt tình .",1
nếu có thêm nhiều ví dụ trong slide cho bọn em dễ ôn bài hơn là tự tìm kiếm lúc quên .,0
sử dụng slide nguyên bản tiếng anh .,0
"giảng viên dạy rất buồn ngủ , không thu hút sinh viên vào bài giảng .",0
cảm ơn hai thầy và nhà trường đã đọc !,1
"không có hoạt động nhóm , bài tập ít .",0
dạy khó hiểu .,0
kiến thức rộng .,1
"slide giảng dạy rất chán , không cập nhật từ năm 2009 tới giờ vẫn sài .",0
dạy theo sát chương trình .,1
"thầy giảng rất tốt , em hiểu gần như mọi thứ thầy dạy và áp dụng tốt nó .",1
"môn học cần có nhiều bài tập hơn nữa , cần nhiều giáo trình hơn nữa .",0
giảng viên cho nhiều bài tập khó .,0
phương pháp dạy còn chưa thực sự thu hút được sự chú ý của sinh viên gây nên nhàm chán và thụ động .,0
kích thích sự đam mê cho các sinh viên .,1
"thầy dạy rất nhiệt tình , thầy kiêm luôn giáo viên thực hành .",1
thường xuyên nghỉ không báo trước không báo lên da hoặc báo với sinh viên .,0
"thầy nên dạy đúng giờ bắt đầu , đúng giờ kết thúc trừ trường hợp bất khả kháng , bài dài .",0
"project môn học thầy wzjwz180 yêu cầu làm ở mức độ tìm hiểu , nhưng lúc lên báo với thầy wzjwz181 thì thầy không chấp nhận .",0
nội dung học không theo kịp thực hành .,0
báo nghỉ không rõ ràng .,0
cần thêm nhiều kit để thực hành .,0
"phương pháp giảng dạy và cách tiếp cận với sinh viên rất tư nhiên , không gò bó .",1
cô giảng rất hay và thu hút học sinh !,1
tên môn học là quản trị mạng nhưng nó chẳng đúng với nội dung đã học ở trên lớp .,0
nên tăng hiệu suất của máy .,0
"cô dạy tâm huyết , quan tâm học sinh .",1
không đến lớp làm sinh viên đi học rồi phải tự đi về .,0
cho ra nhiều tiết thực hành hơn .,0
"cải thiện thiết bị lớp học doubledot máy chiếu , ổ điện , quạt .",0
"giảng bài quá nhanh , ít bám sâu vào chương trình .",0
hiện nay trong phòng lab số lượng kit học bị hư hỏng nhiều .,0
"cho quá nhiều bài tập , chỉ nên cho bài tập ví dụ điển hình .",1
"sinh viên đã chọn ngành , chuyên ngành rồi mới học giới thiệu ngành .",0
"bài giảng hay và hiệu quá , bài tập bám sát kiến thức .",1
cô cho nghỉ nhiều quá ( mặc dù đã có bù ) nhưng nên đảm bảo đúng lịch để sinh viên sắp xếp thời gian bởi vì sinh viên vẫn phải dành thời gian đi học bù .,0
luôn yêu cầu sinh viên nắm vững kiến thức nền nhất trước khi thực hành .,1
thầy dạy dễ hiểu có tâm .,1
thầy dạy rất hay và cuốn hút .,1
thầy tận tâm !,1
"nên tăng cường học nghe , nói .",0
"tốt , dễ hiểu .",1
nói những vấn đề không liên quan .,0
giáo viên rất nhiệt tình giảng dạy cho sinh viên .,1
"giảng viên cung cấp đủ kiến thức cần thiết để hiểu rõ phần lý thuyết để thực hành , có các ví dụ mẫu để sinh viên tham khảo .",1
vận dụng được một số kiến thức để áp dụng những môn học sau .,1
ít cập nhật thông tin trên moodle hoặc mail cho sinh viên .,0
một cuốn sách thật dày chỉ là một trong những tài liệu mà tụi em có thể tham khảo .,0
giảng viên giảng bài rất chi tiết .,1
thầy hay bận .,0
phòng học khác phải có màn che .,0
thầy giảng bài rất dễ hiểu .,1
"giáo trình rõ ràng , bài tập đầy đủ nội dung đã học .",1
phòng học cần phù hợp với số lượng sinh viên .,0
thầy sửa bài tập nhanh quá nên hơi khó hiểu .,0
tạo không gian học tập vui vẻ !,1
cô dạy nên có ví dụ và bài tập hướng dẫn chi tiết cụ thể hơn !,0
nên cân bằng hai bên .,0
dạy chưa nhiệt tình .,0
"thầy dạy nhanh , hay !",1
lượng kiến thức cần học quá dài và khó tiếp thu .,0
phòng học ồn do cạnh khu xây dựng .,0
thầy nên kết hợp hình ảnh và ví dụ hoá cho từng bước của giải thuật ở trong slide thay vì chữ quá nhiều sẽ khiến sinh viên khó tiếp thu hơn .,0
"kiến thức của thầy rất tốt , bảo đảm giờ lên lớp .",1
đôi khi mọi chuyện một con người không thể đánh giá qua học hành được àm phải nhiều phương diện cô ạ .,0
khi cô dạy luôn cuốn hút sinh viên .,1
"máy chiếu quá mờ , phòng học nóng .",0
"vote cô , cô dạy hay , cho điểm cao .",1
nên để giáo viên có kinh nghiệm dạy môn này .,0
cô rất thân thiện .,1
code demo hơi khó hiểu .,0
cơ sở vật chất chưa tốt để nghe tiếng anh .,0
"cô tận tình với học sinh , nhưng còn thiếu cách truyền đạt một chút .",0
giải thích được các vấn đề mà sinh viên chưa hiểu ở lý thuyết .,1
rất thân thiện .,1
lớp được nghỉ liên tục .,0
thầy cô dạy chưa sâu vào bài học .,0
"thầy ôn kỹ , hay cho bài tập trên moodle , cập nhật file bài giảng , bài tập , bài ôn thường xuyên .",1
"kính mong nhà trường có thể tăng thời lương môn học lên 1 - 2 tiết vì đây là một môn khá khó , sinh viên cần nhiều thời gian hơn để nắm bắt kiến thức và luyện tập vận dụng kiến thức .",0
"thầy luôn đi đúng giờ , không điểm danh .",1
"thầy rất nhiệt tình , dạy dễ hiểu .",1
thường xuyên cho làm bài tập .,0
"mặc dù nhiệt tình nhưng khi truyền đạt thì lại khó hiểu , sử dụng ngôn từ gây khó khăn cho việc hiểu bài .",0
tận tâm hướng dẫn sinh viên .,1
"dạy khó hiểu , thực sự chưa hiệu quả .",0
"thầy dạy rất hay , mong rằng sẽ được học thầy trong những môn khác .",1
sinh viên tốn thời gian lên trường mà không được học .,0
"nên khắc phục tình trạng giảng viên không lên lớp , vì như vậy làm mất nhiều thời gian cho sinh viên tụi em .",0
cần thay đổi phòng học để chất lượng được nâng cao hơn .,0
"giảng viên làm rõ được vấn đề , dạy những kiến thức thật sự thiết thực cho sinh viên , truyền đạt những kinh nghiệm thực tế trong quá trình giảng dạy .",1
"đôi phần giảng viên nói nhanh , và sửa bài tập thì chữ ghi lại khá nhỏ ( ngồi xa bảng sẽ khó thấy ) .",0
những môn liên quan đến lập trình em nghĩ nên lấy điểm đồ án làm điểm cuối kỳ .,0
"thầy rất vui tính , truyền tải thông tin tuyệt vời .",1
mỗi ngày khi đến môn học này là một cực hình tra tấn sinh viên cả lớp .,0
cách truyền đạt khó có thể cho tôi nắm bắt được nội dung môn học .,0
"giáo viên tâm huyết , nhiệt tình .",1
phòng học thực hành wzjwz18 không đảm bảo chất lượng cho việc học thực hành .,0
giúp em hiểu ra được nhiều cái hay .,1
giảng lý thuyết nhiều gây nhàm chán và buồn ngủ .,0
còn hơi thiếu sinh động .,0
"thầy rất nhiệt tình , hướng dẫn thực hành kỹ càng .",1
"thầy rất nhiệt tình , tuyệt nhất trong các thầy dạy em từ khi lên đại học đến giờ .",1
tốt giỏi chu đáo .,1
thầy demo ngay trên code mẫu thực tế nên rất dễ nhớ bài và rất thuận lợi trong những lúc em tự thực hành ở nhà vì có thể tự hiểu được những lỗi mà thầy đã demo trên lớp !,1
"thiết bị phòng học z còn nhiều trục trặc , đặc biệt máy chiếu chưa có độ phân giải đủ để học , thường xảy ra trục trặc .",0
cho sinh viên nghỉ và học bù nhiều .,0
giảng dạy hay .,1
"hầu như trong cả năm học , giảng viên chỉ đi dạy đúng thời khoá biểu chỉ từ 2 đến 3 ngày , còn lại giảng viên lại tự ý dời lịch học sang ngày thứ 7 mà không hỏi ý kiến của sinh viên , vì vào ngày thứ 7 có rất nhiều sinh viên có lịch học môn khác .",0
thầy nóng tính và tự tôn cao quá .,0
"cô dạy có tâm huyết với học sinh , truyền đạt tốt , dễ hiểu .",1
"em có ý kiến như sau doubledot môn này em nghĩ là cần có nhiều tài liệu , đặc biệt tiếng việt thì càng tốt vì không phải ai cũng giỏi tiếng anh .",0
cần cho nhiều dạng bài tập hơn .,0
giáo trình không phù hợp với sinh viên .,0
"là người giáo viên quan tâm tới sinh viên nhiều nhất từng biết , giảng dạy tân tình từng chút một , dễ hiểu , lắng nghe sinh viên , tài liệu cập nhật đầy đủ ngay sau buổi học , nhờ đó sinh viên dù tư duy kém nhưng vẫn theo kịp chứ không nản , bỏ bê , ngủ như mấy môn khác .",1
"giảng viên dạy truyền cảm hứng , sử dụng thời gian hợp lý .",1
thực hành quá khó hầu như chưa sinh viên nào có kinh nghiệm lại đi cho một dự án rồi tự sinh viên làm thử hỏi sao sinh viên có thể làm được .,0
thầy điểm danh nhiều quá ạ colonsmile .,0
thầy không tổ chức đủ 3 buổi họp lớp ( chỉ được 1 buổi ) và sau buổi đó thì biệt tích đến gần cuối học kỳ sinh viên gửi mail thì trả lời rất trễ thậm chí một số sinh viên không được trả lời .,0
để sinh viên bắt kịp với tốc độ phát triển của ngành .,0
nội dung các bài thực hành cần có hướng đi bao quát hơn .,0
thầy giỏi và nhiệt tình .,1
"cô quá là dễ thương , nhiệt tình .",1
em xin lỗi nhưng đó là sự thật .,0
"em ở nhà tự học , thi thực hành vừa rồi cũng được 10 điểm .",1
"thầy tân tâm , dạy dễ hiểu .",1
"nên cho sinh viên đi tham quan thực tế môi trường doanh nghiệp , hạn chê lý thuyết suông .",0
"cô dạy nhiệt tình , dễ hiểu , quan tâm sinh viên .",1
hay lên lớp muộn .,0
"thầy hay cho deadline hằng tuần , đảm bảo kiến thức cho sinh viên .",1
thú vị .,1
"thầy giảng hơi khó hiểu , lên lớp hơi muộn , chưa đúng giờ .",0
"giảng viên giảng dạy nhiệt tình , phương pháp dạy hay .",1
"chất lượng giảng dạy tốt , em rất hài lòng với cách dạy của cô .",1
cô dạy có tâm .,1
chưa tận tâm với sinh viên .,0
giọng nói của giảng viên hơi khó nghe khiến việc tiếp thu các vấn đề hơi khó đối với sinh viên .,0
"giảng viên dạy dễ hiểu , nhiệt tình .",1
"chú tâm , hướng dẫn cho từng học sinh , tương đối dễ hiểu .",1
giảng viên cần nhiệt tình và tích cực hơn nữa trong khi truyền đạt tới sinh viên .,0
đủ tài liệu .,1
"tích cực sử dụng hiệu quả trang moodle để cung cấp thông tin , dữ liệu .",1
việc phân chia nhóm không hợp lý dẫn tới chất lượng học tập không tốt .,0
thầy nhiệt tình .,1
thầy dạy nhiệt tình và rất quan tâm học sinh !,1
thầy truyền cảm hứng học cho các em cũng như sự chân thành truyền đạt của thầy thật quý báu .,1
tuyệt !,1
nâng cao hơn nữa công tác giảng dạy .,0
thầy dạy bằng slide bài giảng hơi nhanh .,0
lớp đã nghỉ 4 tuần liên tiếp chưa tính một vài ngày nghỉ khác .,0
"tại sao thầy không tổng hợp bài tập rồi cho sinh viên đem in , photo ra .",0
thầy không cho slide và lên lớp chủ yếu là chép slide .,0
thường đi trễ .,0
giảng viên cần cho ví dụ nhiều hơn .,0
giáo viên vẫn nhiệt tình mặc dù có một số thành phần không lắng nghe .,1
thầy giảng có tâm huyết và thân thiện .,1
tiếng anh nói lưu loát .,1
"giờ học luôn sinh động , hiệu quả , giúp học sinh nắm vững kiến thức .",1
thầy không tận tình giúp đỡ sinh viên giải quyết các vấn đề .,0
mong muốn của em đó là làm thế nào để bài giảng của giảng viên vừa đào sâu kiến thức lý thuyết vừa đi vào thực tế luôn .,0
"thời gian thầy giảng dạy ngắn , thường cho lớp về sớm .",0
"bỏ môn này hoặc đưa ra chương trình học đơn giản , dễ hiểu hơn cho sinh viên , nắm chắc còn hơn học nhiều mà chẳng được bao nhiêu .",0
mong rằng cô sẽ điều chỉnh để sinh viên có thể dễ dàng theo dõi bài giảng hơn .,0
nhiều lúc nội dung thực hành không đồng bộ với nội dung đã học ở lớp lý thuyết .,0
"có nhiều kiến thức hay , hữu ích , không khí lớp học thoải mái .",1
giảng viên nên đưa ra nhiều ví dụ minh họa hơn .,0
"cô dạy vui vẻ , nhiệt tình .",1
"giảng dạy nhiệt tình , hiệu quả .",1
môn này là bị trùng hoặc thừa vì mấy môn trước như lập trình mạng với đồ án vô số sinh viên đã tự học cái này rồi .,0
thầy dạy nhiệt tình và đến lớp đúng giờ .,1
giảng bài hơi chậm .,0
"thầy đi dạy luôn đảm bảo thời gian , giải đáp thắc mắc rất nhiệt tình , ra trễ hơn các môn khác từ 15 - 25 phút .",1
"cô giảng dạy nhiệt tình , giải đáp thắc mắc cho sinh viên nhanh chóng , kiên nhẫn giải thích cho sinh viên .",1
"thầy dạy rất tận tâm và dễ hiểu , tuy bị mất căn bản nhập môn lập trình nhưng sau mỗi buổi học của thầy , em cảm thấy vô cùng hứng thú và có động lực hơn với môn lập trình hướng đối tượng nói riêng và những môn có liên quan đế lập trình khác nói chung .",1
"nhiệt tình và vui vẻ với sinh viên , giảng bài kỹ .",1
cần có thêm nhiều bài tập .,0
cảm giác như là cấp 2 học nhạc và vẽ vậy .,0
"đặc biệt là khi kiểm tra nghe cuối kỳ , có thể ví von âm thanh với máy nổ .",0
"dạy nhiệt tình , hướng dẫn dễ hiểu .",1
giáo viên giảng dạy nhiệt tình .,1
thầy có phần demo code giúp sinh viên dễ hiểu .,1
"ít nói chuyện trực tiếp với từng học sinh nhiều , ít cầm micro nên học sinh ngồi dưới nhiều khi không nghe rõ hoặc không nghe được .",0
"nhiệt tình , lên lớp đều và có phương pháp giảng dạ tốt .",1
"cải thiện máy chiếu , phòng thực hành .",0
"cô sẵn sàng giải đáp mọi thắc mắc nhanh nhất có thể , luôn tìm hiểu kỹ nội dung để có thể dạy tốt nhất .",1
thầy không khắt khe với sinh viên .,1
quá nhiều lý thuyết .,0
"giảng viên gần như không biết truyền đạt kiến thức sát với lý thuyết , ra bài tập không bám sát kiến thức .",0
giảng viên nên nhiệt tình hơn !,0
"thầy rất vui vẻ , hỗ trợ tốt với sinh viên .",1
"cô nhiệt tình , có chia sẻ một số kinh nghiệm hữu ích trong ngành .",1
bài tập và có code tham khảo .,1
lượng kiến thức giảng dạy chưa được chuẩn bị kỹ càng .,0
"bài tập được làm nhiều , ân cần , tận tụy .",1
"giảng viên dạy rất dài dòng , lê thê mặc dù chẳng cần kéo dài đến thế .",0
"giảng viên dạy rất hay , bài tập khá đa dạng , đi thi nắm vững được các dạng nên không cần học tủ , thầy rất nhiệt tình .",1
thầy cho làm các bài tập tại lớp trong khi sinh viên chưa biết gì về vấn đề đó .,0
thầy nên nói trước về cách chấm điểm bài thi .,0
làm nhiều bài tập hơn nữa .,0
"em thấy nên sử dụng slide tiếng việt , sinh viên sẽ dễ tiếp thu hơn .",0
chưa chuẩn bị kỹ nội dung giảng dạy .,0
thầy dạy hay dễ hiểu vui tính colonsmilesmile .,1
"đừng để sinh viên ngủ , vắng khi đi học .",0
"dạy kỹ , ôn thi cũng kỹ không bỏ sót phần nào .",1
"thầy vui tính , giảng và dạy hay , tận tâm nhiệt tình .",1
"thầy cho nhiều bài tập hay và giảng nhiều điều rất cần thiết cho sinh viên , kiến thức của thầy khá sâu rộng nên đưa ra nhiều điều khá hóc búa cho sinh viên .",1
"thầy rất hay đi trễ , giờ học cũng bị kéo đài ra , những bạn có việc phải bỏ về trước .",0
"thực ra mà nói , chúng em đóng tiền thực hành 320k trên 1 chỉ , nhưng các giờ thực hành chưa tốt .",0
thầy dạy quá tệ .,0
thầy giảng lý thuyết sơ sài rồi kêu sinh viên về tự google mà code .,0
các deadline thời gian hơi ít .,0
thầy cũng theo sát sinh viên để nghe sinh viên báo cáo tới tận cuối giờ .,1
"thầy dạy hay , tuy nhiên còn nhiều chỗ chưa thật sự giải đáp hoàn toàn cho sinh viên vì chưa đủ thời gian .",0
cô dễ thương và giảng bài tận tình .,1
truyền đạt không hay .,0
"cần cung cấp đề cương chi tiết của môn học khi bắt đầu học kỳ , hướng dẫn và cung cấp cho sinh viên tài liệu về môn học được nhiều hơn , đầy đủ hơn .",0
thầy cho nghỉ hơi nhiều .,0
thầy rất ân cần giúp đỡ học sinh làm bài và hiểu bài .,1
cô rất nhiệt tình !,1
"vui tính , hài hước pha lẫn trong bài giảng của thầy !",1
có những buổi thực hành giảng viên không có mặt .,0
"cô vui tính học rất thoải mái , truyền cảm hứng .",1
"quá ô nhiễm tiếng ồn , mệt mỏi và chán học !",0
nhưng ra đề đừng đánh đố sinh viên .,0
mong học kỳ sau sẽ sớm có phòng thí nghiệm cho môn này .,0
"dạy dễ hiểu , nhiệt tình .",1
kiến thức chưa nhiều .,0
"sự tận tâm của thầy , các ví dụ đơn giản , dễ hiểu .",1
giáo viên dạy nhiệt tình và dễ hiểu .,1
nhiệt tình tận tâm với học sinh .,1
cho lớp leo cây nhiều quá .,0
thi thoảng nghỉ học không thông báo trên daa .,0
"giảng bài chi tiết , cụ thể .",1
"nhiệt tình , tận tâm , giảng dễ hiểu , nghiêm túc , đúng giờ .",1
môn học khá khó không phù hợp .,0
giảng viên tận tâm nhiệt tình và khả năng truyền đạt tốt .,1
"giáo viên giảng chậm , kỹ , dễ hiểu .",1
dạy đúng theo giáo trình .,1
"chưa từng thấy cô giảng dạy trên lớp và nói gì đồ án , trong khi thầy dạy lý thuyết lại có .",0
giảng viên nên thường xuyên cập nhật và giới thiệu những thành tựu công nghệ mới đến sinh viên cũng như cho phép sinh viên thử nghiệm tại lớp nếu điều kiện cho phép .,0
làm cho một phần học sinh ( chủ yếu khá và giỏi ) cảm thấy chán trong việc lên lớp .,0
hỗ trợ sinh viên tối đa .,1
"thầy dạy quá nặng môn học 3 tiết kéo dài lên 5 tiết , không tiếp thu hết được kiến thức thầy truyền đạt .",0
cô rất vui vẻ .,1
"tận tâm , nhiệt tình , tiết học vui vẻ dễ tiếp thu .",1
giảng viên tận tâm nhiệt tình !,1
phương pháp thầy dạy giống cấp 3 làm em nhớ hồi cày cuốc colonsmile .,0
ở giảng đường lâu lâu cúp điện rất nóng .,0
cần tiếp cận với sinh viên nhiều hơn .,0
"giảng viên thường xuyên khích lệ sinh viên cố gắng trau dồi , cải thiện nhiều kỹ năng cần thiết .",1
"giảng viên rất tận tâm , nhiệt tình , gần gũi sinh viên .",1
"em không ý kiến gì về việc thầy chấm khó hay dễ nhưng nếu chấm khó thì thầy nên quan tâm đầu tư về việc giảng dạy nhiều hơn , tạo nhiều hoạt động hỗ trợ và thúc đẩy sinh viên làm đồ án .",0
nhiều lúc thầy vẫn nói lý thuyết nhiều gây nhàm chán .,0
toàn đến gần thi thầy mới dạy hết chương trình học .,0
thầy thường vào lớp trễ .,0
"dạy dễ hiểu , sâu rộng .",1
dạy hơi lâu về kiến thức .,0
"nhiều chỗ thầy giải thích quá phức tạp , khó hiểu .",0
"vui tính , gần gũi sinh viên , giảng khá hay .",1
giảng viên có tăng cường giải đề các năm .,1
thường thì 8h kém 10 mới bắt đầu học .,0
"cô nhiệt tình , thoải mái , giải đáp thắc mắc của sinh viên khá nhanh .",1
thầy dạy rất tốt !,1
"nhiệt tình , dễ thương .",1
thầy giảng rất hay !,1
"giảng viên hoà đồng , vui vẻ , chỉ giảng tận tình sinh viên ham học hỏi .",1
thầy cô dạy cho về quá sớm .,0
nhất thiết phải đảm bảo yêu cầu về cơ sở vật chất phù hợp với môn học .,0
em rất hài lòng về phương pháp giảng dạy của thầy ạ .,1
cô truyền đạt bài giảng rất tốt .,1
chưa có sự tương tác nhiều với sinh viên .,0
ngắn gọn .,1
thầy rất nhiệt tình và giải đáp tất cả thắc mắc của sinh viên .,1
"phòng học nhỏ , không đủ máy , không kết nối mạng trong khi đây là phòng thực hành của khoa mạng máy tính .",0
"giảng viên đảm bảo giờ lên lớp , dạy kỹ càng và rất dễ hiểu .",1
thấy cho nhiều bài tập hay giúp sinh viên biết được nhiều kỹ thuật .,1
"cần bổ sung thêm các game vào môn học , học anh văn mà không có game thì nói thật ra là rất dễ chán và buồn ngủ .",0
các trang bị để nghe không rõ .,0
"giảng viên nhiệt tình , bài tập đa dạng , phương pháp học thú vị .",1
cho nhiều tài liệu .,1
"điều em không hài lòng nhất là cô cho nghỉ quá nhiều , đến gần cuối kỳ cô mới dạy và học bù để chạy bài .",0
tận tình .,1
thầy bắt chơi hết game không để mất máu thì khó quá .,0
"giảng dạy dễ hiểu , rõ ràng minh bạch , dẫn chứng cụ thể .",1
do sinh viên đầu tư thời gian và công sức nhiều vào đồ án .,0
"không quan tâm , không hướng dẫn , hết !",0
"hỗ trợ thêm cơ sở vật chất , thiết bị thực tế .",0
thầy dạy có tâm và rất nhiệt tình .,1
"giảng viên am hiểu sâu , giảng bài tận tâm .",1
cô giảng dạy rất nhiệt tình và dễ hiểu .,1
môn này giải bài tập khá nhiều và khó .,0
như vậy thì quá bất công .,0
"thầy giảng chi tiết , có hướng dẫn thêm kiến thức phong phú .",1
"thầy đi dạy rất đúng giờ , giảng dạy nhiệt tình .",1
trao đổi nhiều với sinh viên .,1
bởi vì môn giải thuật là môn khô khan và khó học nên em mong thầy làm cách nào đó để khiến sinh viên hứng thú học và đến lớp hơn .,0
thầy trẻ mới ra trường nên rất nhiệt tình .,1
"vui vẻ , kiến thức rộng và sâu , dạy dễ hiểu .",1
"cô dạy nhiệt tình , giảng bài tập hay .",1
"rất mong nhà trường nâng cấp phòng máy máy mở lên rất lâu , màn hình bị nháy , con chuột bị đơ , bàn phím rít , nên cài visual cao hơn visual 2005 để sinh viên dễ thực hành .",0
"thầy wzjwz262 nhiệt tình , truyền đạt tốt kiến thức , giới thiệu thêm nhiều nguồn tài liệu cho sinh viên .",1
cô cho thực hành rất nhiều .,1
thầy giảng bài dễ hiểu và rất vui tính .,1
được học nhiều kinh nghiệm từ thầy wzjwz163 .,1
"sử dụng dụng cụ dạy học có chất lượng tốt , ví dụ như máy nghe tiếng anh chất lượng tốt .",0
giờ lên lớp ít .,0
phân bổ thời gian theo kiểu chưa học tới lý thuyết đã thực hành nên không biết gì để làm .,0
"giảng viên nên giảng sâu vào chương trình học , tránh lan man , dài dòng .",0
"nhiệt tình , tâm huyết .",1
"slide môn học hoặc các tài liệu cần rõ ràng hơn nữa , nhiều phần rất khó hiểu nhưng lại rất ít kiến thức về nó , làm sinh viên không thể hiểu được bản chất của bài đó .",0
"trong lúc thực hành , giảng bài hướng dẫn nhiệt tình , kết hợp với bài tập để củng cố kiến thức .",1
dạy rất kỹ .,1
"giáo viên tận tâm , nhiệt tình .",1
và từ những sự cố trên tự nhiên năm nay em vừa tốn tiền học lại mà không được học vừa bị rớt môn không được cộng điểm rèn luyện .,0
"thầy cho bài tập để sinh viên không quên kiến thức trong kỳ quân sự , thường xuyên cho bài tập không ngừng giải thích và chỉ rõ những cái các chỗ sai của sinh viên trong quá trình làm bài tập .",1
thầy rất thoáng và thoải mái .,1
"giảng viên nhiệt tình , có các hoạt động mang tính làm việc nhóm rất cao .",1
giảng dạy tích cực và dễ hiểu .,1
bài tập theo sát đề cương .,1
nhiều bài tập kiểm tra năng lực qua từng phần .,1
phòng thực hành cần được nâng cấp .,0
nhiệt tình trong giờ lên lớp cũng như check mail .,1
đôi khi giảng bài quá nhanh .,0
"hăng say , nhiệt tình .",1
bài giảng tạo cảm giác hứng thú và tiếp thu bài tốt .,1
giáo trình môn học nên cập nhật thường xuyên .,0
"phương pháp giảng dạy hay , có nhiều thông tin thực tiễn .",1
thêm thời lượng môn học .,0
"thầy nhiệt tình giảng dạy , nhiều vấn đề rất hay cần thiết cho sinh viên .",1
thầy cần hoạt động trao đổi nhiều hơn với sinh viên .,0
giờ học thiếu sinh động .,0
"giảng viên dạy dễ hiểu , dễ hình dung .",1
cô trả lời các câu hỏi của sinh viên khá chi tiết !,1
nhưng vẫn đạt điểm cao .,0
thầy giáo vui tính nhiệt tình .,1
"giảng viên dạy tận tình dễ hiểu , đầy đủ kiến thức và hiệu quả trong giảng dạy .",1
cô wzjwz303 là một người cô dạy có tâm nhất mà em gặp từ lúc sinh ra tới giờ .,1
giảng viên rất tận tâm trong việc giảng dạy .,1
số lượng sinh viên nên giảm xuống khoảng 10 người fraction lớp .,0
cần giảng bài bằng tiếng anh nhiều hơn .,0
phòng ốc nên sạch sẽ hơn thì sinh viên sẽ có hứng thú ngồi lâu hơn trong phòng học .,0
đề thi quá dài không phù hợp với lượng thời gian thi .,0
"giảng viên nên đổi mới phương pháp giảng dạy , tránh thô cứng , không hấp dẫn sinh viên .",0
"nhiệt tình , chi tiết .",1
giảng viên ôn thi chuẩn xác .,1
"giảng viên cần phải nói rõ hơn , giới thiệu , phân tích , cho ví dụ minh họa .",0
cô nên up một lần hết các file bài học để tụi em tiện đi in ạ .,0
không thể nộp bài viết luận qua e-mail mà vẫn phải nộp bài bằng giấy viết tay khá mất thời gian .,0
giảng viên cần quan tâm đến sinh viên nhiều hơn .,1
thầy hứa sẽ up điểm giữa kỳ sớm mà điểm giữa kỳ thì tới giờ này vẫn chưa có ?,0
học cô có động lực ghê .,1
giảng viên nên hướng dẫn thêm nhiều bài tập và tận dụng thời gian nhiều hơn vì môn này cần những bài tập mẫu để sinh viên dễ nắm kiến thức hơn .,0
đồ án thầy yêu cầu khó thực hiện vì toàn những bài báo khoa học có nội dung trừu tượng .,0
giảng viên không dạy sinh viên .,0
"giảng viên vui vẻ hòa đồng , tận tâm với sinh viên , truyền đạt kiến thức tốt .",1
thầy luôn muốn sinh viên giỏi hơn thông qua việc góp ý và nhận xét .,1
"giảng dạy ngắn gọn , dễ hiểu .",1
giảng viên hướng dẫn tận tình chu đáo .,1
giáo viên dạy nhiệt tình dễ hiểu .,1
"khi tụi em học môn đặc tả hình thức thầy wzjwz169 giảng dạy thì tụi em không hiểu thầy đang nói gì , không hiểu được môn này học để làm gì và nó có ứng dụng vào thực tiễn như thế nào .",0
thầy chu đáo và tỉ mỉ .,1
"nhiệt tình , kiến thức rộng , truyền cảm hứng .",1
thầy dạy rất hay ạ !,1
"nhiệt tình , cô dễ thương =) .",1
"giảng viên thường hay cho lớp nghỉ , một kỳ nghỉ tới 4 - 5 lần , khả năng truyền đạt cần cải thiện thêm .",0
"thầy dạy hay và rất vui , ngoài các kiến thức môn học .",1
"thầy giảng chi tiết , dễ hiểu .",1
nên bỏ thi code trên giấy .,0
giảm số lượng sinh viên fraction lớp .,0
cần nêu ý nghĩa quan trọng của môn học nhiều hơn .,0
"giảng viên thường xuyên đi trễ , việc giảng dạnh luôn bị kéo dài vì giảng viên quá nhiệt tình .",0
"bài giảng dựa theo chuẩn ngôn ngữ assembly trên linux nên tìm kiếm thông tin , tài liệu khá khó khăn .",0
"giáo viên rất dễ tính , dạy tận tình .",1
cô nên thêm nhiều phần đọc .,0
thầy có những mẫu truyện hay và ý nghĩa .,1
giảng viên chưa tương tác với sinh viên trên các diễn đàn .,0
không phải là môn đi học .,0
"giảng viên giảng dễ hiệu , tận tình .",1
cần giảng kỹ hơn nữa .,0
tạo điều kiện để sinh viên tham gia vào bài học .,1
hơi khó khăn với sinh viên về vấn đề bài tập cũng như thi cử .,0
"nhà trường nên đưa môn học này vào thời khóa biểu bắt buộc ở học kỳ 1 của các sinh viên năm nhất nhằm giúp các em nắm biết được mình nên học gì , mình có nên chuyển đổi ngành hay không .",0
tiếp xúc với học sinh nhiều hơn .,0
rất thực tiễn .,1
"dạy tốt , khả năng truyền đạt tốt giúp sinh viên dễ tiếp thu , phương pháp giảng dạy hiệu quả , nhiệt tình .",1
"giáo viên vui tính , nhiệt tình .",1
"lịch dạy học thay đổi liên tục , không cố định .",0
hay nhiệt tình .,1
"các bài tập của nhóm đều tự làm , hoặc có tham khảo số liệu thống kê để phân tích thị trường nhưng lại làm tỉ lệ sao chép theo thuật toán của turnitindotcom > 30% ( theo thầy nói bài > 30 % sẽ bị 0 điểm ) .",0
không ôn tập cũng như cho cấu trúc đề thi .,0
"giảng viên lên lớp đúng giờ , giảng dạy nghiêm túc , tận tâm , nhiệt tình .",1
thẳng thắn và kiên quyết .,1
"hướng dẫn sinh viên tiếp cận được nhiều kỹ năng của bộ môn , cho nhiều bài tập , chỉ nhiều trang web , sách để hỗ trợ cho phần học tốt .",1
"giảng viên dạy khá nhạt và chán , giọng nói đều đều , khô khan .",0
máy chiếu bị ảnh hưởng bởi ánh sáng nên xem slide không rõ .,0
cần hiểu rõ thêm cách kết nối prolog với c .,0
giảng rõ và cho nhiều ví dụ lý giải .,1
"thầy nên tập trung giảng giải thực hành , không nên tập trung vào việc cài đặt phần mềm .",0
sinh viên được được thuyết trình nhưng thật sự chưa hiểu quả .,0
cần tăng cường phần nghe nói hơn đọc viết .,0
thầy giúp cho sinh viên hiểu rõ vấn đề để thực hành đúng .,1
giảnh bài hơi nhanh .,0
giảng viên không gây hứng thú cho sinh viên về bài giảng của mình .,0
áp dụng bài học vào thực tế .,1
"nhiệt tình , hướng dẫn cụ thể .",1
cần giảng dạy những vấn đề cần giải quyết một cách xúc tích và dễ hiểu .,0
môi trường không đảm bảo an toàn cho sức khỏe .,0
"cô truyền dạy kiến thức dễ hiểu , tận tình , thân thiện với học sinh và giúp đỡ học sinh tận tình !",1
"chỉ dẫn tận tình , giảng bài dễ hiểu .",1
"rất thích cách dạy của thầy , thầy rất nhiệt tình , tận tâm và rất vui tính .",1
cô giảng bài cụ thể .,1
nội dung học cũ .,0
"giáo viên truyền đạt tốt , tạo nhiều cảm hứng cho sinh viên , giúp nâng cao trình độ ngoại ngữ .",1
"cô dạy tận tình , dễ hiểu , sử dụng thời gian lên lớp hợp lý .",1
"thầy nhiệt tình , vui tính , truyền đạt hay .",1
dạy tốt đúng trọng tâm những gì cần biết .,1
nên lắng nghe sinh viên nói .,0
thầy nên nhiệt tình chút xíu .,0
tạo tính chủ động cho sinh viên trong học tập .,1
thầy hay đi trễ và nghỉ dạy nhiều .,0
thầy dạy có tâm huyết .,1
bài tập thầy cho khá hay và dễ hiểu bài .,1
giảng viên giảng hơi nhanh một số phần .,0
không đồng ý với việc thi lập trình trên giấy .,0
giảng viên nhiệt tình trong quá trình giảng dạy và hướng dẫn sinh viên .,1
giờ giấc giảng viên không đảm bảo .,0
"thầy giảng bài kỹ , chi tiết .",1
dễ hiểu .,1
có cung cấp kiến thức liên quan nhiều hơn so với khi học lý thuyết .,1
hướng dẫn cách tiếp cận bài mới khó hiểu .,0
"thầy dạy dễ hiểu , sát với thực tế .",1
"vui tính , tận tình .",1
thầy dậy rất nhiệt tình !,1
chia sẻ nhiều slide có giá trị học tập cao .,1
giảng viên nhiệt tình và tận tâm trong việc giúp sinh viên nắm được kiến thức .,1
"tăng thời gian thực hành , sinh viên nên được làm việc với các thiết bị thực tế .",0
"giảng viên vui tính , nhiệt tình , tạo sự thoải mái trong lớp học .",1
thân thiện vui tính .,1
"thầy nhiệt tình , vui vẻ .",1
tạo ra môi trường để sinh viên có cơ hội thực tập khả năng thuyết trình .,1
"nhiệt tình , quan tâm chia sẻ với sinh viên .",1
"thầy không chỉ dạy về mặt kiến thức mà thầy còn cho sinh viên một cái nhìn về cách sống của một con người qua mặt đạo đức , tính nhân bản của con người .",1
"thầy vui tính , cởi mở .",1
thầy hay tương tác với sinh viên bằng những câu hỏi rất thực tế !,1
bạn nào khá thì có thể áp dụng công thức vào bài tập cả lớp chưa đến 30% còn thực sự hiểu môn học thì rất ít người hiểu .,0
trong khi thầy giảng nội dung rất khó hiểu .,0
cách giảng dễ hiểu .,1
cô lo cho các sinh viên .,1
"thầy là một người sống rất có tâm , lại có vẻ bề ngoài đẹp trai , thầy rất hóm hỉnh và dí dỏm .",1
phương pháp giảng dạy của giảng viên dễ hiểu giúp sinh viên dễ nắm bắt .,1
dạy hơi khó hiểu và nói quá nhanh .,0
"giáo viên luôn tận tâm , nhiệt tình và có sự tương tác cao với sinh viên .",1
"thầy nhiệt tình , đi dạy đầy đủ , vui vẻ .",1
"hiền , giảng bài hay , bài tập khá dễ chịu colonsmilesmile .",1
để sinh viên tự nghiên cứu quá nhiều .,0
"thầy up tài liệu , thông báo lên course , gmail của sinh viên giúp em dễ nắm bắt lịch nghỉ bù , có tài liệu tham khảo thêm .",1
giáo viên cực kỳ nhiệt tình .,1
thầy tận tình vui tính .,1
môn học khá khó .,0
sử dụng trang thiết bị hiệu quả cho quá trình học tập .,1
cách dạy khó hiểu .,0
"giảng viên tận tâm , nhiệt tình giúp đỡ sinh viên .",1
giúp em biết được một phần thực tế của công việc sau này .,1
chưa nói đến sinh viên tự tra .,0
"thầy hay khó chịu , không tận tâm , nhiệt tình .",0
"thầy không đảm bảo lên lớp đúng giờ , có bữa nghỉ mà cũng không báo trước cho sinh viên hay thông báo nghỉ .",0
thêm giờ giải bài tập trên lớp .,0
cô dạy rất nhiệt tình và tận tụy .,1
cần giảng dạy theo slide tiếng việt hoặc giảng viên cần chú trọng dịch và giải thích hơn vì sinh viên cũng không giỏi tiếng anh nên khó tiếp thu .,0
"dạy dễ hiểu , vui tính , gần gũi với sinh viên .",1
tăng cường thêm thiết bị để môn học được hiệu quả .,0
"vui vẻ , giảng dạy tận tình .",1
"thầy giảng rất hay , chúng em cảm ơn thầy .",1
thầy giảng rất dễ hiểu .,1
chả có gì hài lòng .,0
tăng thời gian học vì anh văn là môn học khó .,0
"thầy thường xuyên truyền đạt kỹ năng cần thiết và thiết thực , xây dựng được sự chủ động học tập của sinh viên .",1
cách dạy sáng tạo .,1
môn học cung cấp nhiều kiến thức bổ ích .,1
cô dung dậy nhiệt tình dễ hiểu .,1
cô cần dạy chậm và hướng dẫn chung kỹ hơn .,0
"cô dạy dễ hiểu , cho điểm rẻ , điểm danh công bằng , giảng dạy có mạch tạo cảm hứng học .",1
"cần lắp thêm quạt , ổ cắm và màn che .",0
"giảng dạy dễ hiểu , đầy đủ .",1
"tuy nhiên , nếu được cô nên bổ sung các bài tập cá nhân về cả lý thuyết và thực hành , bên cạnh các bài tập nhóm thì sẽ giúp các bạn bổ trợ thêm kiến thức rất nhiều .",0
cần thực hành nhiều lên .,0
"giáo viên luôn đảm bảo đúng giờ giảng dạy , giảng bài dễ hiểu .",1
"phòng máy , thiết bị mạng cần được đầu tư và vệ sinh , em thấy phòng máy quá bụi , cửa thì hở nên không mát , dẫn đến điều hòa mất tác dụng , lãng phí .",0
ít trả lời mail hỏi bài tập thực hành của sinh viên .,0
nó rất rập khuôn và không thể khiến cho sinh viên tiến bộ được .,0
nhóm 4 người đông không ổn thầy ạ .,0
hay nghỉ .,0
không tạo được cảm hứng cho sinh viên .,0
chúc thầy thành công .,1
giảng viên giảng dạy dễ hiểu .,1
cần cân bằng giữa lý thuyết và thực hành .,0
lịch học trùng .,0
"cô dạy khá nhiệt tình , tuy nhiên lý thuyết dạy cô còn hay nhầm lần , làm sinh viên mơ hồ .",0
chân thành cảm ơn thầy .,1
cô dễ tính dạy dễ hiểu nhiệt tình .,1
"thầy dạy rất nhiệt tình nhưng bị lố giờ nhiều quá , môn học có 4 tiết nhưng lúc nào cũng gần như là 5 tiết .",0
"dạy không tận tình , dạy cho có cho đầy đủ trách nhiệm .",0
giảng dạy ngắn gọn dễ hiểu 10 fraction 10 điểm cho thầy luôn .,1
"sinh viền cần có tài liệu của các bài thực hành trước để nghiên cứu , việc lên thực hành mới được cung cấp tài liệu buổi thực hành chỉ mang lại điểm số , không giúp sinh viên có được kiến thức .",0
dạy nhiệt tình nên hay lấn giờ quá tiết .,0
cần tăng thời gian môn học lên 30 - 50% để sinh viên có điều kiện tiếp thu sâu hơn kiến thức .,0
"dễ chịu và giảng dễ hiểu , tạo cảm giác thích thú cho sinh viên .",1
"giảng viên hướng dẫn nhiệt tình , chi tiết .",1
đôi khi giảng bài hơi nhanh .,0
dạy nhiệt tình .,1
"thầy dạy nhiệt tình , vui vẻ , giảng dễ hiểu .",1
ngoài ra cũng cần có tiết học để sinh viên được nói tiếng anh với nhau nhiều hơn !,0
"thầy nhiệt tình , tận tâm với sinh viên .",1
bài tập cho quá khó .,0
nên cập nhật những phương pháp dạy phản xạ để tạo hướng thú cho sinh viên .,0
vui nhộn trong giờ học .,1
thầy có chia sẻ nhiều kinh nghiệm thực tế .,1
em nghĩ nên giảm bớt chương trình đào tạo với môn này .,0
chưa có slide giảng dạy hiệu quả .,0
"nên phân bổ thời gian hợp thực hành sớm hơn , sau khi vào học chính khoảng một tháng , cần tránh các ngày thi giữa kỳ ngày lễ vì vừa rồi nhiều hôm thực hành trúng vào các ngày này , phòng thực hành còn nóng và bụi bặm , máy chiếu tuy vẫn thấy như là khá mờ , nếu ngồi xa hay trời sáng quá sẽ không thấy rõ .",0
"chu đáo , nhiệt tình .",1
tăng hoạt động speaking .,0
cô giáo nhiệt tình trong lúc dạy .,1
"cung cấp thêm tài liệu , giáo trình môn học .",0
"thầy rất nhiệt tình , hòa đồng với sinh viên .",1
thầy dạy rất tốt .,1
"giảng viên tổ chức các hoạt động nhóm , các buối presentation tạo điều kiện cho sinh viên thực hành , trao đổi kiến thức .",1
"cách giảng dạy rất hay , hấp dẫn và dễ hiểu .",1
"cảnh cáo sinh viên đi trễ nhưng giảng viên đi trễ , thường xuyên vắng dạy không có lý do không có thông báo , gây bức xúc , hao tốn thời gian , phí đi lại của sinh viên .",0
giảng viên rất nhiệt tình tâm huyết .,1
"môn học này học quá nhiều thứ , không vận dụng hết những gì đã học , có nhiều nội dung học không để làm gì cả chỉ gây lãng phí thời gian .",0
"thầy ít khi giảng bài , thường để sinh viên tự xem tài liệu là chủ yếu .",0
"giảng viên đảm bảo giờ giấc , học bù đầy đủ .",1
"giảng viên không gây hứng thú cho sinh viên , làm sinh viên chán nản .",0
giảng viên vần tạo thêm động lực học cho sinh viên .,1
"nhiệt tình , dễ gần , hình thức giảng dạy dễ hiểu .",1
thầy rất nhiệt tình trong việc giảng dạy .,1
"giáo viên giảng dạy tận tâm , nhiệt tình .",1
chưa có demo thực tế .,0
giảm giờ học .,0
sinh viên cần nhiều hơn những bài như vậy .,0
"thầy dạy tận tâm , dễ hiểu , vui tính , có kiến thức sâu rộng trong nhiều lĩnh vực .",1
các thành viên dễ gán kết hơn và có trách nhiệm hơn .,0
giảng viên nên giảng nhiều hơn .,0
"cho ít bài tập , không nâng cao được kiến thức .",0
chưa giúp tôi phát triển được tốt nhất khả năng của mình .,0
thầy nhiệt tình trong giảng dạy .,1
"thầy dạy rất nhiệt huyết , tận tâm .",1
thầy luôn chủ động tạo tranh luận và kiểm tra bài tập đầu giờ để sinh viên dễ dàng nắm bắt kiến thức .,1
cách giảng dạy hay .,1
giảng viên nghỉ quá nhiều !,0
"máy nghe nên được trang bị tốt hơn , phòng học nên sáng hơn .",0
rất thích cô wzjwz108 vì cô dạy hứng thú và hay .,1
thật đáng buồn !,0
giảng viên cần tăng cường trao đổi nội dung môn học qua website môn học .,0
"giáo viên nói hơi nhỏ , rất khó nghe , và hiểu được bài .",0
cần tăng số buổi thực hành lên vì quá ít .,0
các tiết học của cô rất sôi động và làm em rất hài lòng với khả năng giảng dạy của cô .,1
"cô dạy nhiệt tình , kỹ , chịu khó nếu học sinh chưa hiểu bài .",1
trước khi thi thầy dặn là đề thi có 70% trắc nghiệm nhưng thực tế lại 100% tự luận .,0
"dạy buồn ngủ , khó hiểu .",0
thầy giảng nhiệt tình và rất hay .,1
"cách dạy và cách nói chuyện của thầy rất thu hút , giúp em tập trung vào bài học rất dễ .",1
cô rất thân thiện và hiền lành .,1
"môn căn bản mà thầy không dạy cho sinh viên kỹ , gây không hiểu , mất căn bản .",0
thầy rất thiếu nhiệt tình .,1
giảng viên dạy nhanh .,0
"micro và các thiết bị âm thanh , máy chiếu cần nâng cấp .",0
giảng viên có sử dụng hệ thống micro thoại và loa cho sinh viên dễ dàng lắng nghe cũng như hiểu được vấn đề giảng viên đang giảng dạy .,1
đưa ra ví dụ nhiều hơn ngoài slide .,0
"ngôn ngữ java đã được học từ môn lập trình nhúng , do đó mong thầy dạy kiến thức mới hơn .",0
thầy giảng rất hay và cực kỳ nhiệt tình trong hoạt động giảng dạy .,1
thầy dạy đúng bài .,1
cô cần phải truyền đạt tốt hơn .,0
"thầy dạy hay , vui tính , hiểu tâm lý sinh viên , thích thầy nhất .",1
nhiệt tình chu đáo với sinh viên .,1
giảng viên nhiệt huyết .,1
"thầy dạy rất nhiệt tình , công bằng trong đánh giá .",1
"giảng viên nghỉ dạy nhiều buổi , kiến thức truyền đạt cho sinh viên không nhiều .",0
nội dung thực hành không hỗ trợ nhiều cho nội dung lý thuyết .,0
"thầy khá là nhiệt tình trong khi giảng bài , khi sinh viên hỏi bài , giáo viên rất nhiệt tình .",1
tổ chức các cuộc thi liên quan tới kỹ năng giao tiếp anh văn .,1
slide không đầy đủ khó khăn khi xem lại kiến thức .,0
nhằm giảm thời lượng giảng dạy cũng như sự thú vị khi học môn toán .,0
do gộp cả cấu trúc dữ liệu 1 và 2 vào trong cùng 1 học kỳ nên lượng kiến thức khá nhiều .,0
nên có thêm nhiều bài tập về nhà để củng cố kiến thức .,0
thầy nên cho những ví dụ code demo để sinh viên hiểu hơn .,0
nên nâng cấp và bảo trì các phòng máy cũ thường xuyên hơn .,0
giảng viên nên giảng bài cụ thể hơn .,0
chưa có sức thu hút .,0
"giờ thực hành quá ít , bài tập thực hành hằng tuần đều đó , giảng viên hướng dẫn không có nhiều thời gian để hướng dẫn trực tiếp .",0
"tài liệu , nội dung bài học thầy wzjwz197 cung cấp đầy đủ , chi tiết .",1
có liên hệ thực tiễn và lấy ví dụ minh họa .,1
giảng viên nên giảng dạy một cách sinh động hơn cho lớp học .,0
thầy dạy vui tạo hứng thú cho môn học .,1
"nhiệt tình , tận tâm giảng dạy .",1
gây khó khăn khi tìm thông tin làm bài tập và nộp bài tập trên moodle .,0
"giảng dạy hay , nhiệt tình .",1
"giảng cụ thể , rõ ràng .",1
rất hòa đồng .,1
"giáo viên tận tụy , nhiệt tình .",1
giảng viên cho nhiều bài tập để làm .,1
"về khâu chấm đồ án , mặc dù thầy không nêu trong yêu cầu là cấm sử dụng phương pháp đó , nhưng khi sinh viên sử dụng thì thầy đuổi cả nhóm xuống không cho sinh viên tiếp tục trình bày vì không hợp ý của thầy .",0
đề nghị dạy lập trình c trước hoặc song song với môn học này .,0
"thực sự thì khả năng truyền đạt không hấp dẫn , dễ buồn ngủ và khó hiểu .",0
"thầy vui tính , giảng bài dễ hiểu , nhiệt tình .",1
nên cho chơi trò chơi về anh văn thật nhiều để có hứng thú nhiều hơn nữa .,0
cô giáo nhiệt tình giảng bài dễ hiểu .,1
tăng thời gian lên lớp .,0
"lập trình hướng đối tượng nói riêng và tất cả các môn liên quan đến lập trình nói chung theo em nên được cập nhật tài liệu thường xuyên , đặc biệt là các phần mềm trong các phòng lab để tránh tình trạng các tài liệu và phần mềm hỗ trợ học tập lỗi thời và gây khó khăn cho việc giảng dạy và học tập .",0
chưa làm rõ được ứng dụng vào thực tế của nội dung môn học .,0
nếu có thì cũng xin xem lại chất lượng môn này .,0
"giảng viên nhiệt tình , có kết hợp với doanh nghiệp để seminar về kỹ năng giao tiếp .",1
vui vẻ nhiệt tình .,1
nhiệt tình giúp đỡ học sinh .,1
giáo viên để sinh viên tự học nhiều hơn .,0
khả năng truyền đạt chưa được tốt .,0
thầy khá tận tâm và nhiệt thành .,1
thầy không chỉ dạy kiến thức mà còn dạy trở thành một kỹ sư giỏi !,1
"hơn nữa , lại dùng silverlight , dẫn đến tình trạng nhiều bạn không muốn học , vì học silverlight xong rồi , giờ đâu ai dùng nữa .",0
"giảng viên dạy tận tình , cung cấp đầy đủ kiến thức cho sinh viên .",1
truyền đạt hơi khó hiểu .,0
cần nhiều bài tập hơn .,0
thời lượng ít .,0
hướng dẫn sinh viên tận tình .,1
giảng viên hướng dẫn rất nhiệt tình và chi tiết .,1
máy chiếu chưa rõ nét cho toàn thẻ sinh viên trong phòng .,0
thầy nên hướng dẫn nhiều và tận tình hơn cho sinh viên về đồ án môn học .,0
"giảng viên nhiệt tình , giảng dạy tốt .",1
"cô nhiệt tình , hoà đồng với học sinh .",1
thầy rất hiền và kiên trì giảng dạy cho lớp mặc dù môn học này đối với em không được hứng thú lắm .,0
"vui vẻ , biết lắng nghe ý kiến của sinh viên .",1
giáo viên rất tận tâm nhiệt tình .,1
"tận tâm giúp đỡ học sinh , giải đáp thắc mắc .",1
"cách truyền đạt , sự tận tâm .",1
"tâm huyến , muốn truyền đạt hết kiến thức cho sinh viên .",1
"nên sử dụng máy chiếu để hiện rõ chữ , để giảm thời gian viết , tập trung thời gian vào việc giải bài tập minh họa .",0
ít chú trọng phần ngữ pháp .,0
"thầy dạy rễ hiểu , nhiệt tình .",1
"cô đi dạy đúng giờ , dạy cho sinh viên kỹ năng trình bày bài , dạy kỹ .",1
cô giảng bài rất dễ hiểu .,1
nên gắn chặt hơn nữa môn học với thực tiễn .,0
giảng khó hiểu .,0
"thầy vui tính , rất tâm lý sinh viên .",1
"giảng viên cho quá nhiều bài tập , nhưng ít hướng dẫn và giải bài tập .",0
nội dung giảng dạy còn mơ hồ .,0
nên tăng thêm nhiều tiết thực hành 1 tuần .,0
"các khoa nên đăng tải đầy đủ các chương trình đào tạo được cập nhật , các môn học liên quan thật cụ thể , đặc biệt chính là đề cương và mục tiêu môn học .",0
"phương pháp học môn anh văn trên trường tốt với mọi người , nhưng nó xung khắc với phương pháp em đang tự học , nếu duy trì lâu em có biến cố .",0
"rèn luyện được kỹ năng giao tiếp , mạnh dạng đứng trước lớp nói tiếng anh .",1
không kiểm soát được lớp .,0
"giảng nhiều , dễ hiểu , truyền đạt có hệ thống .",1
"thầy nghỉ không báo trước quá nhiều , số buổi lên lớp 50% .",0
"giảng dạy nhiệt tình , hướng dẫn chi tiết đến lúc sinh viên hiểu !",1
giáo viên thường xuyên liên lạc trao đổi với sinh viên .,1
"nhiệt tình với sinh viên , có kiến thức tốt .",1
lâu lâu thầy nói cực nhanh nghe không kịp ý thầy .,0
có giới thiệu về những công cụ hay .,1
"giải đáp các thắc mắc của sinh viên , hướng dẫn , theo dõi và giám sát sinh viên trong lúc thực hành .",1
"giảng dạy tận tâm , nhiệt tình , dễ hiểu .",1
"máy chiếu phòng học quà mờ , đề nghị nên thay đổi .",0
môn học chỉ nên thuyết trình tìm hiểu về egov không làm đồ án .,0
nhiệt tình chuyên môn tốt .,1
giảng viên nên quan tâm nhiều hơn đến mức hiểu bài của sinh viên qua mỗi giờ học bằng cách hỏi những câu hỏi liên quan ở cuối giờ qua đó cộng điểm để tạo thêm sự yêu thích môn học .,0
"lâu lâu thầy giảng cao siêu quá , tụi em chả hiểu gì .",0
"giáo viên nhiệt tình , tận tâm giúp đỡ sinh viên .",1
"nên trình bày bài tập bằng lời nói trước lớp nhiều hơn , dễ hiểu hơn .",0
hài lòng nhất là đúng giờ .,1
thầy hiền và dạy tận tình .,1
đề thi cuối kỳ quá dài so với thời gian kiểm tra .,0
"thời lượng học lý thuyết của môn học ngắn , dễ bị ảnh hưởng khi giảng viên đến trễ hay tham gia các buổi họp .",0
tài liệu giảng dạy cần bổ sung .,0
cô có thể giảng phần lý thuyết kỹ hơn được không ạ .,0
"bản thân thầy dạy thực hành mà 3 tuần học liền tương đương 1dot5 tháng mà thầy vẫn không làm được yêu cầu cơ bản của môn học , đó là kết nối oracle trên 2 máy .",0
rất thích phong cách dạy của thầy x .,1
trang thiết bị nên tốt hơn .,0
so sánh không mang tính tương quan .,0
"dạy dễ hiểu dễ tiếp thu , tập trung vài kiến thức trọng tâm .",1
áp dụng nhiều kiến thức thực tế .,1
cần cải tiến cách học và cần cho sinh viên được thực hành và tiếp xúc với các công nghệ bảo mật nhiều hơn để sinh viên có thể vận dụng kiến thức đã học của mình .,0
"ngoài ra , em mong môn học này chú trọng đơn thuần nhiều hơn về việc lập trình và lập trình trực quan , chú trọng trong việc xử lý source code và cách lập trình của sinh viên ( của đồ án ) .",0
"còn khắt khe điểm quá , cho kiểm tra quá nhiều .",0
biết cách phân bố thời gian .,1
"thầy dạy tận tâm , nhiệt tình , vui vẻ , thân thiện với sinh viên .",1
không hiểu cách chấm bài thi của thầy .,0
"thầy nhiệt tình , tận tụy , vui vẻ .",1
giảng viên giảng dạy cụ thể đưa ra ví dụ minh họa giúp sinh viên dễ tiếp thu bài .,1
"thầy gần gũi thân thiện nhiệt tình , nhất là khi muốn phúc khảo bài thi .",1
"cô rất nhiệt tình , tận tâm .",1
giảng viên nói dễ nghe .,1
"thầy nhiệt tình , ân cần .",1
cơ sở vật chất còn yếu kém .,0
nhiều slide .,0
đầu tư thêm nhiều thiết bị .,0
ngoài giờ học thầy còn nói thêm về nhiều điều rất hay !,1
cô dậy rất nhiệt tình .,1
thầy cho làm quá nhiều bài báo cáo trong khi môn này có 2 chỉ .,0
"thầy dạy tốt , lập nhóm thuyết trình tạo không khí học tập tốt .",1
"thưa , thầy dạy rất dễ hiểu và luôn áp dụng bài học trên những dòng code thực tế và chạy trước lớp .",1
sinh động .,1
nắm được các kiến thức quan trọng .,1
"tận tâm , nhiệt tình , hăng say .",1
rất hữu ích .,1
giáo viên rất tận tình và dễ thương .,1
không tạo được sự tâp trung hứng thú cho sinh viên .,0
"dạy đầy đủ kiến thức , hỗ trợ sinh viên tốt .",1
"nội dung đồ án doubledot không nên quá rộng , nên cô đọng những điểm quan trọng , và nên cho làm từ bước phân tích yêu cầu đến khi hoàn thành đồ án .",0
"hướng dẫn dễ hiểu , hết mình .",1
"cô dạy tận tâm với sinh viên , luôn nhiệt tình .",1
có demo trên máy tính khi giảng dạy giúp sinh viên dễ hiểu .,1
cách truyền đạt của giảng viên làm sinh viên khó tiếp thu .,0
"tâm huyết , nhiệt tình .",1
riêng trang thiết bị quá kém .,0
slide up đầy đủ trước mỗi buổi học .,1
"giảng kỹ , hay .",1
"theo như em biết là mọi người đánh giá môn này là môn buồn ngủ nhất , nặng về lý thuyết .",0
môn này gắn với thực tế nhiều nên có những các tương tác trực tiếp với nhau .,0
"hiền , dễ thương , cười tươi .",1
"thầy tận tâm , nhiệt tình , tạo động lực cho sinh viên .",1
"tài liệu nên được biên soạn tốt hơn vì những slide của thầy có nhiều câu giống như dùng google dịch rồi copy qua vậy , trong slide cũng có nhiều chỗ sai sót , khi dạy thì thầy mới phát hiện sai .",0
cho làm bài tập vận dụng kiến thức thường xuyên .,1
"rát hài lòng về việc giảng dạy của cô , bài tập cũng như các kiến thức cô giảng rất kỹ và dễ hiểu .",1
"chứ chép bài tập rất mất thời gian , đã thế mỗi lần chép là mấy chụp bài !",0
"giảng viên nhiệt tình giảng dạy , chỉ bảo tận tình , chu đáo .",1
đôi khi không đúng giờ .,0
"sách giáo khoa wrede dan murray không dễ học , còn nhiều sai sót và các trình bày khó hiểu .",0
"thầy giảng bài cực kỳ thu hút , dễ hiểu , không gây buồn ngủ , nhàm chán .",1
nhiều nội dung bên lề thầy đề cập lặp lại lần trong các buổi học .,0
thu hút sinh viên .,1
"giảng viên dạy nhiệt tình , vui tính .",1
nhưng khi thi cuối kỳ thì kiến thức quá khó .,0
cần thêm bài tập về nhà .,0
nên cập nhật những phần mềm mới .,0
"thầy đúng giờ giấc , giúp đỡ tốt trong quá trình thực hành .",1
phần thuyết trình của từng nhóm rất vui và bổ ích .,1
thầy luôn lên lớp đầy đủ và đúng giờ .,1
cô rất dễ thương .,1
thầy cho nghỉ quá nhiều .,0
"cô chỉ dẫn nhiệt tình , giải đáp thắc mắc kịp thời .",1
"cần có tài liệu , giáo trình của trường một cách cụ thể và cập nhật hơn .",0
cô giảng dễ hiểu giúp em tiếp thu bài rất nhanh .,1
"gây rất nhiều áp lực cho sinh viên , khó tính .",0
tâm huyết và nhiệt tình với sinh viên .,1
thầy nhiệt tình không gây buồn chán khi học .,1
"em cảm giác như môn vừa học là "" nhập môn lisp và prolog "" .",0
"tiếp cận với kiến thức thực tế , nâng cao khả năng tự học , nghiên cứu .",1
chưa để ý đến sinh viên .,0
"hướng dẫn rất tận tình , trình bày hướng dẫn rất đẹp , có phong cách , thể hiện một thái độ rất nghiêm túc trong công việc giảng dạy .",1
"giảng viên nhiệt tình , lên lớp đầy đủ .",1
cô rất tâm huyết và nhiệt thành .,1
thầy dạy rất trầm .,0
"nên thay đổi việc làm đồ án cuối kỳ doubledot không nên cho sinh viên làm đồ án tự do nữa quản lý , game , nghe nhạc vdotv mà giảng viên nên ra một đồ án có chủ đề thống nhất .",0
"bài tập thực hành đa đạng , dễ hiểu .",1
"thú vị , cải thiện khả năng giao tiếp bằng tiếng anh .",0
"thầy dạy mất quá nhiều giờ , chỉ có 3 tiết nhưng thường dùng tới 5 tiết , ảnh hưởng đến những môn ở tiết 4 5 .",0
"các ví dụ về định nghĩa , giao thức , tổ chức mạng của thầy rất gần gũi và dễ hiểu .",1
thầy giảng rất dễ hiểu và dễ tiếp thu bài .,1
giảng viên áp dụng mô hình scrum để làm project là tốt nhưng không thành công .,0
chưa truyền đạt kiến thức một cách hiệu quả nhất .,0
giáo trình quá dài yêu cầu giảm bớt .,0
chia ra nhiều hình thức điểm seminar bài tập bài tập thực hành .,1
dạy nhiệt huyết .,1
"ít tương tác với sinh viên khi dạy , không thông báo cụ thể đồ án phải làm những gì , không thông báo ngày báo cáo cũng như hỏi han tiến độ đồ án .",0
giảng viên không dành nhiều thời gian ôn tập cho sinh viên .,0
"giảng viên không hướng dẫn sinh viên thực hiện các bài thực hành , không cung cấp tài liệu để sinh viên học tập .",0
giảng viên có quan tâm đến những nhu cầu trong học tập của sinh viên .,1
thầy dạy bù vào thời gian không hợp lý .,0
giảng bài chưa thật sự dễ hiểu .,0
cần có đề cương rõ ràng ngay từ đầu .,0
thầy cũng ít quan tâm đến ý kiến của học sinh .,0
dễ buồn ngủ .,0
"dạy tận tình , dễ hiểu .",1
cô cầm micro hơi sát nên nghe hơi nhói tai một xíu ( tích cực ) .,0
"thưa , thầy luôn đặt nền tảng kỹ và cho chúng em tìm tòi học hỏi nâng cao .",1
"giảng dạy nhiệt tình , bài tập nhiều .",1
giảng viên dạy dễ hiểu .,1
nghỉ nhiều .,0
"dạy dễ hiểu , cuốn hút .",1
"giáo viên tận tình , dạy truyền đạt tốt .",1
"môn học còn khá nặng nề , không ứng dụng thực tiễn cũng như không phục vụ cho chuyên nghành , theo em nghĩ , môn giải tích thật sự không cần thiết lắm .",0
"thầy dạy dễ hiểu , sẵn sàng giúp đỡ sinh viên , tận tâm , nhiệt tình .",1
cần cho bài tập để học sinh vận dụng ở nhà ạ .,0
hệ thống máy chiếu cần cải thiện .,0
thầy nên cho bài tập môn hệ điều hành nhiều hơn nữa .,0
theo sát kỹ sinh viên .,1
"những vấn đề cô nói thường nhanh , dài và khó hiểu .",0
không hợp với cách giảng dạy .,0
"em nghĩ là cơ sở vật chất của trường còn yếu kém , máy chiếu rất mờ , rất ít khi nhìn rõ được chữ trên slide bài giảng .",0
bài tập quá nhiều colonsmilesmile .,0
"tận tâm , giảng bài chi tiết .",1
đồ án mang tính thực tiễn .,1
"không đảm bảo thời gian dạy học , thường dạy quá giờ .",0
dạy khó hiểu và lên lớp muộn .,0
"cô dạy hay , học không nhất thiết phải trong sách vở .",1
cô dạy còn hơi nhanh hơi thuần lý thuyết .,0
"thầy đi trễ , không cho sinh viên làm bài tập nhiều trên lớp , một dạng bài nào đó thầy nói qua rồi thì cho qua luôn .",0
khá tốt .,1
phòng lab chưa được cải thiện .,0
cách đánh giá bài tập lớn cuối kỳ cũng không được khách quan .,0
"giảng viên tận tâm , nhiệt tình , giỏi .",1
cô dễ thương nhiệt tình .,1
đề thi quá khó so với bài tập trên lớp !,0
mong thầy giảng giải và cho bài tập từng bước nhiều hơn .,0
"em thấy nội dung kiểm tra chưa phù hợp , chương trình học quá nặng .",0
"slide tài liệu các chương thường không có , hoặc thường rất ít các bài tập mà chỉ tập trung vào slide ôn tập cuối kỳ fraction giữa kỳ .",0
"giảng viên dạy dễ hiểu , rõ ràng .",1
"tận tâm , vui vẻ hòa đồng .",1
đề thi nên dễ hơn .,0
thầy dạy nhàm chán buồn ngủ .,0
"cần nhiều thời gian hơn nữa cho việc giảng dạy , vì kiến thức đáp ứng cho môn học chưa chuyên sâu .",0
"đến khi cuối kỳ , chỉ cần sinh viên mắc một sai sót nhỏ thì sẽ rớt môn .",0
phong cách giảng bài của thầy rất gần gũi với sinh viên !,1
"các khoa khác đều có điểm thi giữa kỳ môn vậy rồi mà sao giờ này , gần thi cuối kỳ rồi mà khoa wzjwz12 chưa có điểm .",0
"thầy còn giảng bài hơi nhỏ , sinh viên tụi em lắng nghe không rõ .",0
giảng dạy kỹ .,1
"nhiệt tình , chỉ dạy .",1
"nếu có thể , thầy nên cho các bạn nộp bài trễ thêm cơ hội .",0
giảng bài nhựa nhựa nghe buồn ngủ .,0
nhiều chỗ thầy hơi giảng nhanh .,0
giảng viên hướng dẫn nhiệt tình .,1
cô hay mất rất nhiều thời gian cho bài học và lịch học bù khá nhiều .,0
giảng lý thuyết trước khi cho sinh viên làm bài thực hành trên lớp .,1
"cho làm nhiều bài tập hữu ích , giảng cặn kẽ .",1
"giờ học vui vẻ , sôi nổi .",1
"cần phân bố lại thời gian lên lớp , đừng kéo dài thời gian khi đã hết buổi học .",0
"nên cắt giảm bớt chương trình học môn lý a2 vì theo em thấy có một số phần không áp dụng vào trong thực tế ngày nay của it , chỉ có một số phần là có áp dụng vì thế nên giảm thiểu chương trình học .",0
"thầy dạy hay , dễ hiểu , có nhiều kiến thức bổ xung hay .",1
phong cách dạy hiệu quả .,1
thầy học bên ucla về nên dạy tiếng anh rất tốt .,1
khi học sinh nào có ý kiến muốn phát biểu thì thầy tranh luận tới cùng .,0
thầy dạy rất là chi tiết và tận tâm với sinh viên .,1
"cần nâng cấp hệ thống wifi , vì khi vào phòng thực hành , sinh viên không thể truy cập internet , buộc phải xin phép ra ngoài để làm bài .",0
kiến thức giảng rất khó hiểu .,0
"cô giảng dễ hiểu , đơn giản , ngắn gọn và phần ôn tập bài cuối kỳ của cô rất ấn tượng giúp cho học sinh năm bắt được mình học gì .",1
luôn giảng quyết các thắc mắc mà sinh viên gửi mail hỏi .,1
cô cho nhiều bài tập hay để nâng cao trình độ sinh viên .,1
"thầy thường xuyên yêu cầu học sinh trình bày lại những kiến thức đã học trong buổi lý thuyết một cách không cần thiết , mất thời gian , không khác gì một buổi dạy lý thuyết , không đúng tinh thần và mục đích của một buổi học thực hành .",0
tăng cường speaking .,0
không thể hài lòng .,0
truyền đạt hay .,1
"thầy rất nhiệt tình , giảng cặn kẽ .",1
slide bài giảng nên sử dụng hoàn toàn bằng tiếng anh thay vì sử dụng nửa việt nửa anh như hiện nay để tránh gây khó hiểu cho sinh viên .,0
"thường xuyên dạy được 1 tiếng thì nhờ thầy nào đó vô quản lý , tụi em phải ngồi không đến 10h mới được ra về dạy chả hiểu gì cả !",0
"cần có một phòng máy tốt hơn , hiện đại hơn .",0
"môn này là môn học mới vì vậy cô chưa có đủ kiến thức để truyền tải , hỗ trợ tốt tới sinh viên .",0
thầy luôn hướng dẫn rất chi tiết cho sinh viên !,1
đươc biết nhiều cái mới lạ .,1
"đầu tư phòng lab thực hành trên thiết bị thật , có quy mô .",0
"giảng viên nhiệt tình , vui vẻ .",1
"nên xắp xếp lịch báo cáo , thuyết trình một cách cụ thể , giúp cho sinh viên chủ động được thời gian cũng như nắm bắt được kiến thức cụ thể của từng buổi .",0
"nói chuyện lan man , không liên quan đến môn học quá nhiều .",0
giảng viên dạy hay và nhiệt tình .,1
"hy vọng những giờ thực hành , thay vì đưa ra bài thực hành , thầy hướng dẫn từng bước làm đồ án , môn học hay nhưng thầy truyền đạt không hiểu .",0
có các phương pháp dạy tốt .,1
"hiện tại tốt , không cần điều chỉnh gì thêm .",1
giảng hay minh họa sinh động .,1
nên cập nhật thêm nhiều chuẩn web mới như progressive web app hay amp có tác động tốt đến seo .,0
thầy giảng đúng trọng tâm đề dễ hiểu .,1
"cô dạy rất tốt , nhiều bài tập .",1
"chưa nhận thấy có điểm nào chưa tốt , sinh viên học môn này từ cô wzjwz85 rất vui và tiếp thu bài rất tốt .",1
giảng viên wzjwz229 không dạy mà chỉ có thầy wzjwz230 thôi nên không biết nhận xét .,0
"cá nhân em nhận thấy cô rất tận tâm và có chuyên môn cao , tuy nhiên khả năng truyền đạt của cô chưa tốt cùng với ngôn ngữ địa phương mà cô sử dụng khiến cho sinh viên mất đi hứng thú học tập , học rất là buồn ngủ và khó hiểu bài giảng .",0
"dạy dễ hiểu , vui vẻ , tận tình .",1
"thầy giảng rất dễ hiểu , tâm huyết với buổi học .",1
"thầy dạy nhiệt tình , bài giảng hay , dễ gần !",1
giảng viên nên giảng nhiều hơn chứ không nên để sinh viên lên làm bài tập .,0
"giảng viên rất nhiệt tình giảng dạy , rất sẵn lòng giải đáp thắc mắc của sinh viên .",1
bài thực hành khó và nhiều !,0
cách trao đổi của thầy qua facebook rất nhanh chóng và gần gũi .,1
"điều quan trọng là rất chật mà lớp thì đông , làm thầy phải chia ca và có bạn phải làm bài tập ngoài hành lang sau đó mới vào nộp .",0
đến lớp đúng giờ .,1
"nhiệt tình , tận tâm , truyền đạt những kinh nghiệm quý báu .",1
thầy truyền đạt kiến thức chưa tốt .,0
"slide bài giảng là slide cũ từ năm 2009 và không được sửa nhiều lỗi từ chính tả , ngữ pháp đến sai sót trong thông tin bài giảng .",0
"giảng nhanh quá , nói quá nhanh , không giúp học sinh hiểu bài .",0
cô lại kiểu khó tính nữa .,0
"phòng học còn thiếu chất lượng , trời nóng nên bố trí thêm quạt cho dãy hai bên phòng .",0
và em nghĩ mức độ gây áp lực về nội dung bài tập còn ít ( nội dung bài tập chưa nâng cao và yêu cầu nhiều về kiến thức ) .,0
"vui tính , dạy dễ hiểu .",1
"giáo viên nhiệt tình , giảng dạy tận tâm .",1
giảng viên vui vẻ hòa đồng .,1
giảng viên thường lên lớp muộn .,0
em hi vọng trong các tiết học thầy có thể đi sâu vào kiến thức chuyên môn và giảm bớt thời lượng của hoạt động liên hệ thực tế .,0
có tăng thêm nhiều ví dụ để minh họa cho lý thuyết vì có nhiều phần lý thuyết rất trừu tượng .,1
em thích cách dạy của thầy .,1
đợi các bạn ngồi vào bàn hết cô mới sắp xếp chỗ ngồi nên gây mất thời gian làm bài của sinh viên .,0
cung cấp tài liệu đầy đủ .,1
"thay vì thế , giảng viên nên tập trung vào các công nghệ được ngôn ngữ lập trình hỗ trợ và cách sử dụng chúng hiệu quả , việc hướng dẫn lập trình nên đưa vào các buổi thực hành .",0
không hài lòng cho lắm .,0
"nhiệt tình , chỉ bảo hết mình .",1
"thầy có những kinh nghiệm và nhận xét quý báu giúp sinh viên trong việc thuyết trình và làm đồ án , giúp sinh viên có kỹ năng sau này .",1
thầy dạy nhiệt tình có nhiều tiết bài tập cho sinh viên .,1
giảng hay và rất vui .,1
"giảng viên dạy nhiệt tình , tận tâm .",1
đào tạo thêm về cơ chế giảng dạy .,0
sự tận tâm .,1
"giảng dạy nhiệt tình , luôn đổi mới nội dung .",1
"giảng viên tận tâm , giảng dễ hiểu , dễ tiếp thu .",1
"thân thiện , vui vẻ .",1
cố gắng làm nhiều bài tập hơn nữa .,1
"giáo viện nhiệt tình , tận tâm .",1
cô dạy rất tận tình chu đáo .,1
"không nên để xảy ra lỗi trong yêu cầu thực hành , không thực hành phần nào chưa học lý thuyết .",0
có tâm .,1
"thầy nên dạy chậm và dễ hiểu hơn , nên giảng từng cái cho chắc rồi hãy sang phần khác .",0
cô wzjwz93 giảng bài rất hay .,1
hy vọng học kỳ tới thầy có thể kết thúc buổi học đúng giờ .,0
cần nên cho bài tập về nhà .,0
"khi giảng thầy chưa chỉ rõ trọng tâm của bài để sinh viên nắm bắt và dễ tiếp thu hơn , giọng thầy còn nhỏ , đều đều .",0
học sinh luôn thích những giáo viên thân thiện với học sinh để tăng được sự tương tác giữa đôi bên .,0
tuy nhiên vẫn còn một vài chỗ hơi khó tiếp thu .,0
hơi khó tính ạ .,0
nhiều lúc em muốn học mà đọc slide của thầy lại khó hiểu lên mạng kiếm thì không thấy .,0
sinh viên học thầy theo kiểu đối phó chứ thật chất không hiểu sâu vấn đề .,0
giáo viên thường xuyên cho nghỉ .,0
giáo viên truyền đạt tốt .,1
"cô nhiệt tình , tài liệu post đầy đủ trên mạng .",1
giảng viên hay cho nghỉ học mà không báo trước .,0
thái độ hơi khó chịu với sinh viên .,0
"cô rất tận tâm , nhiệt huyết , thân thiện , tạo không gian học rất thoải mái .",1
hiện giờ em chưa có cách học đúng đắng .,0
"sau đó sinh viên phải đi học bù , gây ra tình trạng trùng giờ cho nhiều sinh viên , mong cô sớm khắc phục .",0
theo em thì thầy hơi thụ động một tí .,0
đảm bảo cân bằng giữa học lý thuyết và làm bài tập .,1
cô không nói bằng micro nên nghe rất khó .,0
"giảng viên cực kỳ tận tâm , nhiệt tình , giảng dạy rất dễ hiểu và rất thú vị tuy rằng đây là môn khô khan , khó hiểu .",1
"odoo còn quá rộng , khó sử dụng , chưa hiểu hết được các chức năng cần dùng cho đồ án như pos .",0
nhiệt tình giúp đỡ sinh viên và tạo sinh viên có nơi để nâng cao kỹ năng lập trình .,1
nhà trường nên dạy những chuẩn sql mới vì chuẩn sql 92 hiện nay không còn phù hợp với những phiên bản sql mới và nó đã quá cũ rồi .,0
giảng viên giảng khá nhanh .,0
giảng viên dạy toàn bộ bằng slide tiếng anh khiến sinh viên cảm thấy ngợp và khó hiểu được vấn đề cũng như hiểu được kỹ từng bài học .,0
những vấn đề thầy đem ra thường quá đi lệch khá xa so với những gì thầy đang giảng dạy .,0
học thầy được điểm cao .,1
thầy dạy thực tế .,1
"cho nhiều bài tập nhưng không giải , sinh viên chỉ biết làm mà không biết mình làm đúng hay không .",0
thầy quá tuyệt vời coloncontemn .,1
"thầy hơi khó , nhiều điều dạy chưa hiểu lắm .",0
"lý do doubledot sinh viên mới bắt đầu tiếp cận môn học chưa hiểu rõ các từ chuyên nghành nên không hiểu nội dung bài giảng , dù giảng viên giải thích bằng tiếng việt .",0
"giảng viên nhiệt tình , dạy dễ hiểu .",1
"học rất thoải mái và dễ tiếp thu , kết quả đạt được hẳn sẽ tốt hơn !",1
"giảng bài chi tiết , nhiệt tình .",1
giảng viên rất tận tâm trong việc truyền đạt nội dung môn học .,1
giảng dạy rất tốt .,1
"cách truyền đạt dễ hiểu , liên hệ với thực tế .",1
môn học này quá tải .,0
"vui vẻ , dạy dễ hiểu , giúp đỡ mọi lúc mọi nơi .",1
"khi sinh viên có thắc mắc về bài tập thì giáo viên chỉ dẫn tận tình , dễ hiểu .",1
"giảng viên chưa sử dụng nhiều hệ thống website môn học , đặc biệt là trong việc thông báo thông tin quan trọng đến lớp .",0
"nên bổ sung phần xây dựng kiến trúc game , tiếp xúc vơi các kiến trúc game phổ biến hiện nay .",0
"thầy dạy khá kỹ , nhiệt tình .",1
"cách dạy chậm rãi , dễ hiểu , giảng viên thân thiện với sinh viên .",1
"nhiệt tình , phương thức truyền đạt dễ hiểu .",1
"thầy dạy dễ hiểu , tận tâm .",1
"giảng sinh động hơn , giao tiếp với sinh viên bằng tiếng anh thay vì đa phần là tiếng việt .",0
thầy dạy rất tận tâm .,1
lên lớp ít .,0
"thầy chỉ dạy rất tận tình , luôn hỏi học sinh phần nào chưa hiểu và giảng lại rất kỹ , những bài giảng của thầy rất hay .",1
chưa bao giờ có ý định nghỉ tiết của thầy ( trừ trường hợp ngủ quên colonbigsmile ) .,1
"sau giờ học thầy còn hỏi về tình hình buổi học có nhanh hay chậm quá không , có chỗ nào chưa rõ , tình hình thầy trợ giảng dạy sao .",1
"giáo viên cung cấp tài liệu đầy đủ , đến lớp đúng giờ , dạy nhiệt tình .",1
nhưng thầy rất nhiệt tình giảng lại và đứng chỉ lại .,0
"thầy trẻ , hiền , dạy dễ hiểu .",1
dễ nắm bắt kiến thức để đi thi .,1
"giảng viên chỉ cho đồ án và giải đáp các yêu cầu đồ án , không cung cấp tài liệu hay hướng dẫn cơ bản , sinh viên tự tìm hiểu với lý do là hệ tài năng nên cần tự xoay sở .",0
"thầy giảng dạy dễ hiểu , thân thiện .",1
"thầy giảng bài dễ hiểu , vui tính , sẵn sàng giải đáp thắc mắc của sinh viên .",1
một trong những giảng viên yêu thích .,1
ngôn từ trong phương pháp giảng dạy gần gũi với sinh viên .,1
"giảng viên tích cực hỗ trợ sinh viên , truyền đạt hiệu quả .",1
"nghỉ học nhiều , vào lớp trễ .",0
"không thấy giảng viên dạy thực hành buổi nào , lên lớp 2 tiết tâm sự với sinh viên .",0
thầy dạy được cách tư duy sáng tạo .,1
không giúp đỡ sinh viên trong những vấn đề xung quanh .,0
thường xuyên nghĩ và phải đi học bù .,0
thực sự môn này chiếm 85% thời gian học mà trong khi đó bài báo cáo chỉ chiếm 15% trong tổng số điểm .,0
giọng của giảng viên rất khó nghe nên không thể nghe giảng hết những điều thầy nói .,0
"theo ý kiến của em , việc thực hành hiện giờ không theo kịp chương trình lý thuyết trên lớp nên không củng cố cho việc hiểu rõ bài hơn .",0
"phần kiểm tra , thi cử đối với môn này nên đề cao tính tư duy logic của người học cũng như khả năng áp dụng kiến thức đã học vào thực tế thực nghiệm bằng cách chủ yếu đánh giá cao phần thực hành , viết code , làm project .",1
"giảng viên chuyên về vhdl , về môn học này thì sử dụng hdl nên có nhiều phần giảng viên không giải đáp được .",0
"cần tăng chú ý về kỹ năng cần thiết trong toeic như nghe , đọc .",0
vì đôi khi tụi em theo bài không kịp .,0
không hài lòng gì cả .,0
giảng viên thiếu rất nhiều hoạt động để việc học bớt nhàm chán khi quá bám sát bài học .,0
"giáo viên giảng dạy không hề dễ hiểu , không truyền đạt được kiến thức .",0
giảng viên thực hành có cũng như không !,0
"cô rất có tâm , tạo điều kiện cho sinh viên tham khảo .",1
kiến thức của môn này có lẽ hiếm khi nào tụi em dùng tới .,0
"cô giảng nhiệt tình , chỉ bài cho tụi em thì lại tới chỗ .",1
"trang thiết bị còn kém , loa chưa đủ rõ để nghe anh văn , máy chiếu chưa nhìn rõ màu sắc .",0
về trễ .,0
cần phải có phương pháp giảng dạy linh hoạt và sáng tạo để gây hứng thú cho người học .,0
"cô dạy rất nhiệt tình , vui tính dễ hiểu .",1
"anh wzjwz232 ơi , cho đề cuối kỳ dễ dễ đi .",0
chán .,0
"cô nhiệt tình giúp đỡ , tận tâm với công việc .",1
"giảng dạy qua loa , mơ hồ , phó thác cho google , luyên thuyên lan man nhiều .",0
"cô dạy rất hay , truyển cảm hứng cho học sinh , rất thích học giờ của cô .",1
giảng khá nhanh .,0
kiến thức môn học ứng dụng tốt cho công việc sau này .,1
không đảm bảo đúng thời gian dạy học .,0
cô nói hơi nhỏ nên hơi buồn ngủ .,0
"slide còn hơi khô khan , cách giải thích của giảng viên còn chưa thuyết phục dễ hiểu .",0
truyền đạt nhiều kiến thức .,1
"cô dạy kỹ , vui tính , quan tâm sinh viên .",1
theo dõi kỹ càng việc thực hành của sinh viên .,1
"thầy vui tính , tụi em dễ tiếp xúc dễ hỏi .",1
cô dạy siêu dễ thương .,1
đồ án lập trình cần giao ngay đầu học kỳ để sinh viên có thể sắp xếp đầu tư .,0
sự nhiệt tình vui vẻ .,1
"khả năng nghe , đọc hiểu được nâng cao .",1
thay đổi hệ thống âm thanh phòng học .,0
dạy quá nhanh .,0
tuy nhiên môn học được giảng bằng tiếng anh nên em cũng không nắm được hết nội dung thầy giảng .,0
"giảng viên giảng chậm , dễ hiểu .",1
giảng viên ra đề thi hay .,1
"chưa tạo động lực , thúc đẩy sinh viên nhiều .",0
"hình thức 2 cần có sự phân bố thời gian gặp sinh viên hợp lý , không thể để cuối kỳ , gặp rồi cho đồ án liên tục , ảnh hưởng đến việc ôn tập cho kỳ thi cuối kỳ của sinh viên .",0
cô cực kỳ nhiệt tình .,1
cần tuân thủ đúng và đủ giờ .,0
"cô dạy hay , tận tâm với công việc .",1
"lý do doubledot "" thầy quên "" .",0
"cần có giáo trình cụ thể , riêng và phù hợp với nội dung học trong trường .",0
nên  tăng hiệu suất máy tính .,0
khó tiếp thu !,0
"thưa , thầy thực sự chuyên tâm trong quá trình giảng dạy và các bài tập thầy đưa rất bổ ích , mang tính thực tiễn .",1
thầy giảng bài dễ hiểu !,1
quá nhiều trò .,0
"có thể do thầy bận việc nên việc dạy học trên lớp không được ổn định , dẫn tới việc học bù nhiều , mong thầy sắp xếp ổn thỏa hơn nữa do không phải khi nào em cũng học được nhiều buổi học bù như vậy .",0
giảng viên giảng bài ngắn gọn dễ hiểu .,1
có thông báo cho sinh viên rất đầy đủ .,1
"giảng viên dạy dễ hiểu , quan tâm đến học sinh .",1
"giảng viên nhiệt tình , phương pháp dạy khá hay .",1
"tụi bạn em nó nói hỏi bài thầy thì mặt thầy có gì đó nghiêm trọng nhưng đối với em có bao giờ chuyện đó xảy ra , thầy nói chuyện rất là thật cái nào thầy chưa biết là thầy nói chưa biết ngay , thầy dạy xuất sắc 1 giáo viên trẻ quá tuyệt vời .",1
"kỳ này dạy bằng slide tiếng anh nên đa phần sinh viên không nắm bắt kịp , gần như toàn bộ các bạn đều không hiểu bài .",0
"truyền đạt dễ hiểu , ví dụ minh họa thực tế , tạo hứng thú khi tham gia môn học .",1
"cách giảng dạy rất hiệu quả , lớp học vui .",1
"thầy dạy phần hai có phần hơi khó khăn trong việc điểm danh , cả khi thầy có nhầm lẫn thầy cũng không chịu nhận .",0
"cô giảng hay , nhiệt tình .",1
"thầy dạy dễ hiểu , rất hay .",1
cách diễn đạt của thầy hay nhưng chưa tạo cảm giác hứng thứ với người nghe .,0
"giảng viên nên sử dụng trang moodle để gửi bài tập hay thông báo khẩn học bù ngoài dự kiến , gửi bảng điểm , vdotv .",0
kiến thức chưa có trọng tâm .,0
thông báo ngày nộp bài tập và báo cáo quá trễ .,0
cần nhiều bài tập hơn nữa .,0
"anh này dạy dễ hiểu , vui tính , nhiệt tình , dễ thương .",1
bài tập phong phú đa dạng .,1
giảng viên luôn nhiệt tình với sinh viên .,1
phòng thí nghiệm môn này cần được nâng cấp và mở rộng .,0
"thầy giáo nhiệt tình , thân thiện , truyền đạt tốt .",1
"buổi nào cũng có thực hành, học lý thuyết xong ra thực hành liền sẽ có hiệu quả cao !",0
nguyên tắc và tận tình giảng dạy .,1
cần ra các bài thực hành sát với thực tế môn học hơn .,0
"cách dạy của thầy như cưỡi ngựa xem hoa , 15 phút giảng xong một bài .",0
"chỉ có mỗi giọng nói của giảng viên hơi khó nghe , nhưng sinh viên vẫn thông cảm vì điều đó là không thể nào thay đổi được .",0
"thời gian các buổi học , thông báo nghỉ chưa chính xác .",0
"luyện tập nhóm , làm bài tập nhiều .",1
"giảng viên truyền đạt tốt , nhiệt tình , tuân thủ giờ ra vào lớp .",1
phòng học và các thiết bị giảng dạy cần được nâng cấp tốt hơn .,0
dạy song song hai lớp cùng lúc và không dạy nhiệt tình cho sinh viên trường đại học công nghệ thông tin .,0
giảng viên rất tận tình trong việc giảng dạy .,1
thầy nhiệt tình chỉ mọi thứ tận nơi .,1
"giảng viên rất vui tính , giảng dạy nhiệt tình , chi tiết cho sinh viên .",1
"giáo trình anh văn chưa phù hợp , gây chán vì nhiều kiến thức đã biết qua rồi .",0
máy thực hành nên cài visual studio 2013 .,0
"giáo viên thực hành cần quan tâm , chỉ dẫn sinh viên tận tình hơn .",0
cô giảng có hơi khó hiểu .,0
"giảng viên nhiệt tình , truyền đạt tốt .",1
nếu trang thiết bị đã không đáp ứng được thì tại sao trường không tạo điều kiện kéo dây mạng cho sinh viên cắm vào laptop .,0
cô dễ thương tận tình với sinh viên .,1
"làm debate nhiều , còn học về giáo trình rất ít .",0
"chấm điểm khó vì phải kết quả đúng mới chấm điểm , không chấm điểm từng bước .",0
thầy tận tâm .,1
khả năng truyền đạt còn kém .,0
"giáo trình hiện tại khá trừu tượng và khó hiểu , kiến thức khá khó với những lý thuyết căn bản mà sinh viên có thể hiểu .",0
tích cực hướng dẫn khi sinh viên hỏi bài .,1
"cô dạy rất nhiệt tình , giờ học của cô rất vui và thoải mái nên dễ tiếp thu hơn .",1
"cô nhiệt tình , dạy hay , nhiều bài tập .",1
thầy rất đẹp trai colonsmile .,1
giảng viên nên tập trung nhiều giờ giảng lý thuyết hơn để giúp sinh viên hiểu và hiểu sâu hơn về bài học .,0
"thầy giảng bài rất kỹ , sát vào vấn đề và dễ hiểu .",1
"nói nhanh , lưu lát , đủ thông tin .",1
"quá lý thuyết , hy vọng môn học sẽ tập trung hơn vào những kiến thức thực tiễn hơn .",0
thầy cho chép nhiều quá .,0
về học tập doubledot bản thân em không đồng ý về điểm thuyết trình và bài báo cáo .,0
"thầy tận tâm nhiệt tình , diễn đạt trình bày hay .",1
em muốn có thời gian tiếp xúc và học hỏi thầy nhiều hơn nhưng do thầy ít lên lớp nên không có cơ hội .,0
"giảng viên nhiệt tình , giảng dạy theo hướng mở để sinh viên có thể tự nghiên cứu thêm ngoài chương trình .",1
cô có cách dạy hay dễ hiểu tận tình .,1
cô hướng dẫn về cách thuyết trình rất hay .,1
"thầy vui vẻ , thoải mái .",1
trợ giảng dạy không hiểu gì .,0
"khuyên răn sinh viên , đặt vấn đề tốt cho một giải pháp .",1
thầy thường xuyên cho nghỉ trước khi kết thúc giờ học .,0
cách giải bài tập của thầy lúc nào cũng ngắn gọn và dễ hiểu .,0
cần cung cấp tài liệu đầy đủ và chính xác hơn .,0
"phân chia nhóm hợp lý , theo sát quá trình thực hành của sinh viên .",1
thầy dạy vui và truyền đạt nhiều kiến thức về thế giới bên ngoài .,1
"thầy rất hiền và nhiệt tình quan tâm giúp đỡ chúng em , nhất là trong giờ thực hành nên em rất quý thầy .",1
"thầy đi rất đúng giờ , giảng dạy rất nhiệt tình !",1
"cần trang bị thêm trang thiết bị , cải tiến giáo trình .",0
em cũng không biết là cô hay thầy nữa .,0
đôi khi bài giảng giảng viên thực hiện hơi chán không được cuốn hút .,0
"thầy dạy rất hay , nhiệt tình và dễ hiểu .",1
"phương pháp giảng dạy chưa hiệu quả , nhất quán , có ít tài liệu tham khảo thêm bên ngoài .",0
"thầy dễ thương , nhiệt tình , dạy dễ hiểu .",1
"thầy dạy nhiệt tình , mong được học thầy những kỳ sau colonsmilesmile .",1
giáo viên lý thuyết và trợ giảng không có sự liên hệ với nhau dẫn đến mỗi người dạy một kiểu .,0
"giảng viên nhiệt tình , vui vẻ , hoà đồng , gần gũi giúp sinh viên khá nhiều trong việc tiếp thu kiến thức .",1
"giảng viên có phong cách giảng dạy chưa phù hợp , khiến sinh viên cảm thấy xa rời với nội dung môn học .",0
"thầy dạy rất có tâm , dễ hiểu .",1
"tôi thiết nghĩ cùng tham khảo source code như nhau , mà lại có đứa đậu có đứa rớt mặt dù thầy thừa biết code đó là lấy từ internet về chứ có phải tự code đâu , thiết nghĩ tại sao thầy chỉ hỏi lý thuyết những bạn kia , mà lại căng xi măng chặn từng đoạn code đối với mình .",0
em không hề thấy thầy đứng lớp .,0
"cô dễ thương , dạy quá có tâm .",1
"cô dạy rất hay , kỹ và nhiệt huyết .",1
"nhiệt tình , tâm huyết với sinh viên .",1
giáo viên chưa tạo được không khí vui vẻ trong lớp học .,0
thầy rất hiểu tâm lý của sinh viên .,1
luôn đảm bảo giờ giấc trong tiết học .,1
"cô lên lớp đúng giờ , giảng bài rất dễ hiểu cho sinh viên .",1
bức xúc vì môn học này .,0
không nên tổ chức thực hành hình thức 2 .,0
"dạy dễ hiểu , kỹ càng .",1
nội dung hơi nhiều nên giảm bớt lại .,0
"phương pháp truyền đạt khó tiếp thu , lượng kiến thức nhiều nhưng không tập trung .",0
không nêu rõ ví dụ chi tiết cho các bài tập .,0
khả năng truyền đạt của giảng viên còn gây khó khăn cho sinh viên .,0
thầy chỉ quan tâm vào đề thi và chạy theo thành tích .,0
"thầy giảng viên ít viết chương trình trên lớp , thường copy code rồi demo cho sinh viên .",0
"chương trình học khá nặng so với sinh viên khoa khác ( seminar , bài tập về nhà , đồ án lớn , thi cuối kỳ , dot ) .",0
giáo viên đứng lớp dạy rất hay .,1
nhà trường nên cài bộ microsoft visual studio phiên bản mới hơn 2010 .,0
bài giảng chưa hứng thú .,0
"thầy đảm bảo giờ lên lớp , nhiệt tình .",1
"thầy nên nói nhiều về ứng dụng thực tế , như mình công thức này thường áp dụng cho những thiết bị nào .",0
visual studio của các máy trong phòng máy đã hết hạn .,0
"phòng thực hành khoa wzjwz70 máy hư tùm lum , không hiểu sao phòng thực hành mấy khoa khác như wzjwz71 , wzjwz72 đầu tư mới với tốt hơn nhiều .",0
"rất thân thiện , nhiệt tình , quan tâm sinh viên , dạy hay và dễ hiểu .",1
chưa có sự đồng bộ giữa lý thuyết và thực hành .,0
giờ giấc lộn xộn .,0
vì giao tiếp thông thường trong lớp học là chưa đủ .,0
chưa có nhiều kinh nghiệm về kiến thức .,0
thầy hay đi trễ vài buổi đầu .,0
thầy trẻ trâu .,0
thầy giảng bài kỹ !,1
"cách dạy hài hước , không gây buồn ngủ .",1
nên cập nhật những nội dung mới vào môn học .,0
semimar là hình thức tiếp thu kiến thức nhưng do những người seminar nói bâng quơ và thật sự có những nhóm không biết đang làm gì thì sao người ngồi dưới hiểu gì .,0
dạy nhiệt tình với sinh viên .,1
không đầu tư nhiều cho bài giảng .,0
"tận tâm , dễ hiểu , nhiệt tình .",1
môn học mang tính thực tiễn cao .,1
cho làm nhiều bài tập .,0
giọng cô dễ nghe .,1
nội dung truyền đạt để sinh viên thực hành chưa thực sự tốt .,0
"thầy có dạy những kiến thức , kinh nghiệm có tính áp dụng lâu dài .",1
"ra đề thi giữa kỳ không đúng với nội dung dặn trước dặn ko có "" vertical fragmentation "" mà thi vẫn có 1 câu chiếm khoảng 40% số điểm , có lẽ người ra đề với thầy dạy khác nhau và không thống nhất .",0
"giọng nói , cử chỉ , cách truyền đạt của cô rất chi là dễ thương .",1
thầy giảng bài rất kỹ .,1
giảng viên nhiệt tình giảng lại nhiều lần một vấn đề khó tiếp thu .,1
"cô rất tận tình trong giảng dạy , luôn cải tiến phương pháp dạy .",1
nên đưa ra các vấn đề thường gặp .,0
kể chuyện hay .,1
"giảng bài cụ thể , chi tiết .",1
dạy tốt chu đáo .,1
"giảng viên nhiệt tình , đúng giờ , giải đáp hiệu quả thắc mắc .",1
sau mỗi bài thực hành nộp deadline thầy không sửa bài .,0
ôn tập tỉ mỉ .,1
"thầy nhiệt tình , tâm huyết .",1
em rất thích học cô nhưng đáng tiếc là không còn được học cô nhiều nữa .,1
tài liệu tiếng anh nên gây một chút khó khăn cho sinh viên .,0
phòng máy thực hành cần nâng cấp .,0
giảng viên giúp sinh viên xác định rõ ràng mục đích học tập .,1
em đã biết được cấu trúc dữ liệu là gì .,1
"thương , hài hước , lấy ví dụ thực tiễn , biết phân bố hợp lý giờ giảng dạy xen lẫn trò chuyện cùng học sinh .",1
"giảng viên dạy hay , dễ hiểu , nhiệt tình , khối lượng kiến thức được giảm tải để có thể nhớ phần trọng tâm .",1
"thầy nhiệt tình , vui tính , cách dạy thoải mái , khả năng truyền đạt tốt , quan tâm đến sinh viên .",1
cô giảng đến khi nào sinh viên chịu hiểu thì thôi .,1
chưa tốt về mặt kiến thức .,0
"thầy giảng hơi khó hiểu , thầy cần chủ động mở nhiều cuộc tranh luận với sinh viên .",0
nói chuyện hơi khó nghe .,0
giáo viện rất nhiệt tình với sinh viên .,1
tài liệu tiếng anh gây khó khăn cho ôn thi .,0
giúp đỡ học sinh quá ít .,0
"thầy nên sử dụng moodle và có cách thông báo rõ ràng , dễ cập nhật hơn .",0
nội dung môn học quá nặng và nhiều thứ không cần thiết với ngành nghề của sinh viên .,0
không đồng bộ kiến thức với giáo viên lý thuyết .,0
cô luôn nhiệt tình giải thích một quan điểm rất cặn kẽ và dễ hiểu và ví dụ phù hợp với bài học !,1
em rất hài lòng .,1
he's very funny .,1
có lúc dạy khó hiểu .,0
thầy chỉ dạy nhiệt tình những chỗ sinh viên chưa nắm rõ .,1
em cảm thấy hài lòng với môn này .,1
giảng viên tận tình trong việc giảng dạy và truyền đạt kinh nghiệm .,1
"giảng viên không thân thiện quá khắc khe , gây cảm giác lo lắng , sợ hãi cho sinh viên .",0
"truyền đạt không thu hút , chú trọng quá nhiều vào nội dung lý thuyết , không có liên hệ thực tế .",0
giọng to rõ ràng dễ nghe khi ở dưới nước .,1
giảng dạy đầy đủ đúng giờ .,1
"đề nghị nhà trường làm tốt khâu cở sở vật chất , em thấy trường mình còn thiếu nhiều về trang thiết bị thực hành cho sinh viên .",0
sửa bài cho sinh viên giúp sinh viên tiến bộ .,1
nhiều lúc giảng dạy nói hơi nhanh .,0
"tận tâm , có kế hoạch .",1
"em nghĩ chỉ nên bắt buộc các bài tập có dạng căn bản , còn bài tập tương tự thì chỉ khuyến khích sinh viên làm thêm .",0
giảng viên cho làm nhiều bài tập liên quan đến bài học .,1
"đồng thời , những câu hỏi thầy đặt ra rất sát và đòi hỏi kiến thức sâu so với bài học .",1
thang điểm kiểm tra bài thực hành dễ gây ức chế .,1
cô vui vẻ .,1
trao đổi bài học tại lớp rất sôi động .,1
tiếc là học kỳ 2 em không đăng ký được lớp lập trình hướng đối tượng của cô !,1
nói chung thầy wzjwz196 dạy toán là tuyệt .,1
"phòng học lý thuyết thì kém , nóng , bụi nhiều .",0
giảng viên thường xuyên đưa bài tập lên bảng để vừa giảng vừa tạo ra cuộc thảo luận .,1
thầy cho bài tập hơi khó .,0
"nhiều điều cô dạy hơi nhanh , cô nên cho làm thêm nhiều bài tập nữa .",0
do môn này khó đối với em nên kiến thức thầy truyền đạt em thấy rất khó hiểu .,0
"giảng viên dạy chậm giúp sinh viên theo kịp tiến độ , có sự tưởng tác nhiều giữa cả giảng viên và sinh viên , ví dụ minh họa bài tập phong phú sau mỗi phần lý thuyết giúp sinh viên nắm rõ bài .",1
thầy nên cho bọn em xem code chạy thử colonsmallsmile .,0
về hạn nộp bài ( deadline ) trên moodle thầy nên cố định một giờ giấc nào đó .,0
"không sửa bài tập thực hành , chỉ cho sinh viên làm rồi nộp trên courses .",0
một số bài cô giảng khó hiểu .,0
"ban đầu thì em có vẻ không hài lòng lắm về giáo viên khi học môn này , nhưng sau một khoảng thời gian thì thấy cũng ổn .",1
"áp dụng những kiến thức ngoài xã hội , thực tiễn để giảng dạy vào bài học chứ không nhất thiết phải dạy theo một giáo trình cụ thể nào đó .",1
gộp chung 2 lớp khác khóa lại với nhau dẫn đến sự không cân bằng về kiến thức giữa 2 lớp gây khó khăn cho lớp dưới .,0
"thầy mới gặp sinh viên có 2 buổi , nội dung khá khó hiểu để nắm .",0
"đó là tiền của họ , họ muốn dùng thì tùy họ , người khác nghèo không phải lỗi của họ , chưa kể tiền thuế họ đóng góp cho nước cũng đủ để gọi là xây dựng rồi .",0
quá nhàm chán và lớp chỉ đi học có 8 - 12 người .,0
thường xuyên hỗ trợ sinh viên qua diễn đàn .,1
slide quá dài và dùng từ ngữ khó hiểu .,0
giảng viên nên luyện tập khả năng nói lưu loát và dễ hiểu hơn cho sinh viên !,0
bài tập cần đa dạng hơn .,0
"giảng viên có kiến thức vững chắc , khả năng truyền đạt tốt , tận tâm .",1
"giảng viên nên kiểm tra sức học của từng bạn sinh viên riêng biệt thay vì kiếm điểm quá trình lấy từ hoạt động của nhóm vì nhóm chỉ có một vài bạn hoạt động còn các bạn còn lại đa số là ăn theo , có bạn ít thậm chí là không hoạt động và nhiều lần kéo điểm của nhóm xuống do các bạn hoat động năng nổ kiếm được .",0
thầy quá tuyệt vời .,1
"giảng viên tận tâm , nhiệt huyết .",1
giáo viên nghỉ dạy .,0
"giảng viên quan tâm tận tình tới sinh viên , truyền đạt hiệu quả .",1
"không cảm thấy tiếp thu được kiến thức , đa phần phải tự học tự tìm kiếm kiến thức .",0
"giảng viên thực hành quá khắt khe trong việc chấm và nộp bài , xin coi code của bọn em khi bọn em sai hay quên xóa file .",0
giảng rất chi tiết .,1
nên tăng thời gian học .,0
"môn học nên cập nhật giáo trình mới liên tục , tài liệu học tập cũ , rất nhiều chỗ sai .",0
2 tuần 1 buổi 5 tiết theo cá nhân em là chưa hợp lý !,0
"thầy nên dạy nhiều hơn , nên dạy kỹ lý thuyết hơn .",1
thầy rất thường xuyên kể về các câu chuyện cá nhân mặc dù không sinh viên nào yêu cầu và quan tâm .,0
thầy rất nhiệt tình với sinh viên .,1
hiện tại em chưa thấy tác dụng gì nhiều khi học môn này .,0
"một số kiến thức chỉ được giới hạn trong khuôn khổ của môn học , cần phát huy thêm khả năng tìm tòi sáng tạo của sinh viên trong các định lý định nghĩa có sẵn .",0
"thầy có tích hợp vừa học vừa chơi làm cho bài học không khô khan , và cô đọng lại , rất dễ hiểu , rất tận tình .",1
nên sắp lịch học phù hợp .,0
"trên lớp khó hiểu bài , về nhà tài liệu khó hiểu , bài tập không làm được thì tiết hôm sau thầy có kêu sinh viên lên làm ai cũng lắc đầu thôi .",0
cô wzjwz231 thường xuyên chữa bài tập và đi sát vào nội dung học tập .,1
"cô vui tính , hiền , khá nhiệt tình và gần gũi với sinh viên colonsmilesmile .",1
thầy dành thời gian cho các nhóm thuyết trình nhưng không duyệt lại những kiến thức do các nhóm thuyết trình là đúng hay không .,0
"thầy dạy rất chi tiết , dễ hiểu và nhiệt tình .",1
thầy rất thương học sinh .,1
thầy truyền được lửa cho sinh viên rất nhiều .,1
nên bổ sung thêm giáo trình cho sinh viên .,0
và cần có thêm những lưu ý cho học sinh .,0
"giảng viên có trình bày một số vấn đề thực tiễn hữu ích , khích lệ những sinh viên tích cực , phong cách giảng dạy thân thiện tuy có phần lãnh đạm , dễ gây buồn ngủ .",1
chỉ có học lý thuyết .,0
cô hay trao đổi với lớp .,0
sử dụng thời gian dạy chưa được khoa học .,0
có lúc làm bài sai giáo viên nói làm hơi tự ái .,0
cô dạy không nhiệt tình tuy có đầy đủ bài học .,0
"cô lên lớp rất đúng giờ , dạy rất tâm huyết , rất hay cho quà vặt cho sinh viên .",1
nhắn tin xem mà không trả lời .,0
dạy không phù hợp với cách học của em .,0
"giảng viên hướng dẫn cụ thể , chi tiết .",1
"không quen với giọng của thầy , có thể vì chưa quen nhanh được , nên đôi lúc hơi khó hiểu .",0
"môn này em học cải thiện nhưng mà nhà trường hủy môn em xong đăng tự ý đổi lớp lại , em không biết em không đi học nên chắc chắn em rớt .",0
cần nhiều tài liệu về môn học này .,0
phòng máy vẫn còn nhiều thiếu sót .,0
thầy tận tâm và nhiệt tình .,1
phần ôn tập rất dễ hiểu .,1
em nghĩ cô đừng nên cho các bạn lên bảng giải bài nữa .,0
cô cho bài tập về nhà hơi nhiều .,0
bài giảng hơi nhanh .,1
thầy quan tâm sinh viên .,1
cập nhật bài tập mới .,0
theo thời khóa biểu hiện nay thì học thực hành trước nên sinh viên lúc thực hành chưa hiểu vấn đề nên khó khăn trong việc làm bài .,0
"lịch học không rõ ràng , khó nắm bắt lịch .",0
"khả năng truyền đạt - thầy nói khó nghe lại không dùng microphone , hiệu quả bài giảng thấp .",0
giảng viên tận tâm giúp sinh viên học tập .,1
nhiệt huyết .,1
nên giao chìa khóa phòng thực hành cho trực tiếp giáo viên .,0
dạy khá chuyên cần .,1
cô vui tính .,1
"giáo viên đến rất sớm , dạy nhiệt tình .",1
"khi lớp có các bạn vắng quá nhiều , thầy gọi lớp trưởng để nhác nhở các bạn trong lớp đi học .",1
"nhiệt tình , luôn luôn giúp học sinh hiểu vấn đề cặn kẽ .",1
thầy giúp em biết mạch số là gì .,1
cô tận tâm nhiệt tình giúp đỡ cho sinh viên .,1
"giảng viên nhiệt tình , tận tâm trong quá trình giảng dạy .",1
giáo viên giảng dạy sử dụng nhiều ví dụ thực tiễn .,1
"phương pháp dạy trực quan , dễ hiểu , có nhiều hoạt động cho sinh viên .",1
nâng cấp chất lượng máy chiếu .,0
"đồng ý là làm bài tập nhiều sẽ tăng khả năng hiểu bài , tăng khả năng giải quyết bài toán .",1
giáo viên nhiệt tình giúp học sinh những phần học sinh không hiểu giáo viên dạy dễ hiểu .,1
"phần quản lý thao tác của oracle , giảng viên cung cấp tài liệu quản lý thao tác của sql server .",0
"giảng viên rất tận tâm , giảng dạy kỹ lưỡng .",1
có những câu chuyện thú vị hì hì .,1
bài thực hành được xây dựng phù hợp với nội dung lý thuyết .,1
"như vậy , sinh viên làm đồ án sẽ không có tương tác thực tế với giảng viên tương tác qua moodle thì vẫn được .",0
khả năng nói tiếng anh tốt .,1
thầy không sử dụng máy chiếu nên thơi gian giảng dạy của môn học dài hơn bình thường dẫn đến việc cho ra trễ .,0
ra một số bài tập hay có tính vận dụng .,1
chỉ bài tận tình .,1
dạy nhiệt tình và có thêm buổi học phụ đạo .,1
hoạt động giảng dạy của giáo viên khá tốt .,1
thầy dạy hay và rất nhiệt tình la em và các bạn theo xu hướng tốt .,1
anh dạy rất hay và thú vị .,1
"trang thiết bị cần được hỗ trợ tốt hơn , chất lượng máy chiếu không được như ý , khá mờ làm chất lượng thuyết trình và việc giảng dạy không được tốt .",0
"em nghĩ cơ sở vật chất vẫn còn yếu kém , ngồi xa không thể nhìn rõ được slide bài giảng của cô giáo , phòng học rất nóng .",0
dạy rất hài lòng .,1
"thầy dạy kỹ , tận tâm , vui tính .",1
"thầy rất tận tâm , về lý thuyết thầy giảng rất hay và tuyệt đối , song về bài tập thì ngược lại , thầy nói chỉ sơ qua , như là mặc định các sinh viên đều đã biết tính toán .",0
không học gì .,0
phải đầu tư thêm trang thiết bị cho phòng thực hành .,0
giảng viên hài hước .,1
"cô rất nhiệt tình , giải thích rõ bài tập .",1
kiến thức học khá vừa sức với sinh viên .,1
bài tập thầy cho nhiều nhưng hay .,1
tình trạng nghỉ không thông báo cho sinh viên để sinh viên đứng đợi giảng viên gần hết giờ rồi ra về nhiều lần .,0
thầy dạy buồn ngủ .,0
trong khi thầy dạy sinh viên chỉ hiểu được vài gạch đầu dòng thì lại làm một vấn đề mà google cũng bó tay .,0
hay gợi những thực tế vào bài học .,1
thầy dạy hay nhưng mà dữ quá nên sinh viên hơi sợ .,0
"thầy tận tâm với học sinh , cung cấp tài liệu đầy đủ nhất có thể cho học sinh .",1
giảng viên nên cung cấp tài liệu học tập cho sinh viên !,0
thầy nên cho nhiều bài tập hơn .,0
"giảng viên đứng lớp sử dụng giờ trên lớp không hiệu quả , thường kết thúc sớm , và dặn dò những điều không cần thiết , cụ thể như có những buổi học diễn ra doubledot sinh viên lên seminar đề tài không liên quan .",0
vui nhộn .,1
môn bài tập ta thường học trong phòng với đồ lau bảng không sạch làm ảnh hưởng đến các bài tập tiếp theo khi các bạn làm đè lên phần bôi chưa sạch .,0
"giảng viên giảng dạy hay , vui tính .",1
"thầy sử dụng tiếng anh và tiếng việt lẫn lộn , gây khó hiểu .",0
"đảm bảo giờ lên lớp và sử dụng hiệu quả giờ lên lớp , có cập nhật bổ sung tài liệu tham khảo để giúp sinh viên dễ nắm bắt được bài học .",1
thầy rất tuyệt vời !,1
"đề kiểm tra không phù hợp với các dạng bài được hướng dẫn trong lớp , ra kiểm tra các dạng bài mới , phân bổ nội dung trong bài kiểm tra không đồng đều với nội dung giảng dạy .",0
phương pháp truyền đạt của giảng viên chưa hiệu quả lắm .,0
giảng viên có tương tác với giáo viên .,1
nhiều kiến thức hơn .,0
cách giảng dạy còn hơi khó hiểu .,0
"thầy rất nhiệt tình và tận tâm , có kiến thức rộng .",1
em đề xuất nên bỏ một số phần giảng lại lý thuyết ra để có thời gian làm bài tập nhiều hơn .,0
cần dạy dễ hiểu và tận tâm hơn .,0
"phần máy tính không hỗ trợ cho việc học nhiều , chỉ làm sinh viên phân tán .",0
"thứ nhất thầy không đảm bảo được giờ lên lớp , rất khó khăn để báo cáo đồ án và hỏi ý kiến thầy .",0
"thầy dạy hay , kiến thức dồi dào .",1
"kiến thức giảng hơi khó hiểu , nhưng giải bài tập hay hướng dẫn sinh viên làm bài thì dễ hiểu và còn tận tình chỉ bảo cho sinh viên những gì không biết , cô có thể nói lại , giảng lại một vấn đề vài lần nếu sinh viên vẫn chưa hiểu !",1
nên tăng thêm nguồn tài liệu cho sinh viên tiếp cận .,0
"thầy dạy rất dễ hiểu , ví dụ minh họa rất thực tế .",1
"giảng viên đưa ra những ví dụ cụ thể , hay gặp lỗi nhất trong phần giảng dạy .",1
giảng dạy tập trung .,1
"tận tình giúp đỡ học sinh , thầy dạy nhiệt huyết .",1
giảng viên hỗ trợ tích cực .,1
hơi khó hiểu .,0
thầy rất chịu khó lắng nghe ý kiến của sinh viên .,1
nhiệt tình vui vẻ .,1
thầy giảng tận tâm .,1
truyền đạt hơi kém .,0
nhưng em chỉ không hài lòng về chương trình học theo outcome thôi ạ .,0
"giảng viên nên trao đổi với sinh viên nhiều hơn , giao bài tập và giải thích những thắc mắc của sinh viên về môn học .",0
giảng bài nhanh .,0
"rút kinh nghiệm về sau , em sẽ ở nhà code bài cờ tướng và đọc slide và không cần lên lớp quá chuyên cần nữa .",0
"thầy giảng hay , mặc dù thỉnh thoảng có ngoài lề nhưng làm cho chúng em rất hứng thú và không buồn ngủ .",1
cô quan tâm đến sinh viên và truyền đạt kiến thức rất bổ ích .,1
giảng dạy tận tâm .,1
tốc độ giảng dạy phù hợp để sinh viên có đủ thời gian để tự thực hành kiến thức vừa học ngay tại lớp .,1
thầy có kiến thức sâu rộng nên truyền đạt nhiều kiến thức rất hay .,1
"giảng viên vui tính , hay liên hệ với thực tế giúp cho sinh viên dễ nắm bắt vấn đề .",1
học gần công trình thì công thật không thể chịu nổi .,0
bài giảng chưa thật sự thu hút .,0
"dạy xúc tích , dễ hiểu .",1
tài liệu và giảng viên nhiệt tình .,1
"thầy dạy hay , cung cấp cái nhìn thực tiễn và cấp tiến .",1
cuối cùng sinh viên đóng tiền các tín chỉ học thực hành theo hình thức 2 nhưng thực tế chẳng được học một phút nào .,0
thầy hòa đồng và thân thiện .,1
thầy cần tạo thêm hứng thú cho môn học .,0
"nhiệt tình và tận tâm với học sinh , giảng bài rất dễ hiểu .",1
"thày dạy nhiệt tình , dễ tiếp thu .",1
"đồ án khó , liên quan tới nhiều nội dung chưa được học .",0
cô giảng bài và hướng dẫn làm bài nhiệt tình .,1
cô nên cho học sinh thêm nhiều slide .,0
cô rất yêu nghề và thương sinh viên .,1
thầy lúc nào cũng chỉ nghĩ cho thầy chứ không nghĩ cho người khác .,0
"như đã nêu trên , phòng máy trang bị bản visual studio quá cũ khiến việc thực hành trở nên khó khăn , không phù hợp với thực tế chắc hẳn không ai ra trường đi làm .",0
thầy cũng tâm lý với sinh viên tụi em nữa ạ .,1
"không gửi từ vựng , grammar lên courses .",0
"giảng viên cung cấp nhiều kiến thức bổ ích cho sinh viên , luôn luôn đảm bảo giờ lên lớp , cho bài tập để sinh viên luyện tập nhiều và sửa bài cho sinh viên .",1
em xin chân thành cảm ơn ( xin lỗi vì máy không dùng được unikey ) !,1
gửi mail không trả lời .,0
chưa thúc đẩy học sinh học tập .,0
"giảng viên thường cho nghỉ không lý do , cả lớp lên ngồi đợi rất lâu rồi có người lên thay giáo viên báo nghỉ hoặc thường xuyên đi trễ trên 30 phút với lý do "" kẹt xe "" .",0
"bài giảng tạo sự hứng thú cho sinh viên , giảng viên nhiệt tình .",1
thầy tránh phương pháp đưa công thức và đưa các ví dụ sinh động .,1
"thầy dạy dễ hiểu , rất nhiệt tình trả lời giải đáp của sinh viên .",1
thầy dạy nhiệt tình và dễ hiểu .,1
môn này đổi giáo viên dạy thay quá chậm làm mất nhiều thời gian của sinh viên .,0
sắp xếp lịch học bù chưa hợp lý .,0
rất nhiệt tình coloncontemn .,1
dạy song song với ôn tập kiến thức cũ .,1
"kiến thức truyền đạt còn ít , thời gian lên lớp thường trễ .",0
"cô giảng rất chán slide tiếng anh dùng nhiều từ chuyên ngành , nên nếu không bắt kịp những gì cô giảng thì cũng khó để hiểu được bài giảng .",0
"cô phát âm chưa tốt , dạy còn chút khô khan , chưa tạo được sự hứng thú học tập cho sinh viên .",0
chưa nhiệt tình lắm .,0
slide bài giảng tiếng anh giúp tụi em nâng cao khả năng học tiếng anh .,1
"nội dung thực hành đã cũ , không được đổi mới và không sát với thực tế .",0
vui nhộn và hài hước .,1
"giáo viên tận tình , giảng dạy tốt .",1
"thầy dạy rất nhiệt tình , dễ hiểu , tận tâm .",1
buổi học trước buổi cuối cùng cô wzjwz132 nói buổi sau đi học nhưng bạn nào không đi cũng được vì không có điểm danh nhưng sau đó thì không có người dạy và cũng không thông báo nghỉ .,0
điều em hài lòng nhất đó là giảng viên giảng bài rất dễ hiểu và lưu ý được những lỗi thường xảy ra khi làm bài tập .,1
"gần tới kỳ thi cuỗi kỳ mà sinh viên chưa biết được mình đang học gì , dù có cố gắng nghe nhưng vẫn không hiểu .",0
còn hơi kéo thời gian .,0
sữa lỗi cho sinh viên .,1
cho làm nhiều đồ án và bài tập liên quan tới môn học .,1
thầy là giảng viên dạy toán hay nhất trường .,1
nhiệt tình truyền đạt kiến thức cho sinh viên .,1
"môn học cần được phân bố hợp lý hơn , nên để năm 4 rồi học .",0
cô nói hơi nhỏ .,0
cách giảng dạy không phù hợp với sinh viên .,0
thầy rất nhiệt tình với lớp .,1
thời gian deadline cho bài tập nên là cuối ngày của buổi dạy tiếp theo hiện nay là 11h55 trước ngày học vì có thể cần lên lớp để trao đổi những vấn đề phát sinh trong lúc làm bài tập để sửa đổi .,0
"thầy giảng dễ hiểu , nhiều minh hoạ thực tế .",1
tài liệu nên được đưa lên moodle .,0
lớp học quá đông nên rất nóng .,0
"thầy dạy nhiệt tình , có trình độ môn học yêu cầu sử dụng tư duy rất lớn .",1
lớp chất lượng cao nhưng lại thiếu thiết bị .,0
nên có sự thống nhất giữa các giảng viên bộ môn trong đề cương giảng dạy .,0
cô khá tận tâm cho học sinh .,1
giảng phần bài tập hơi nhanh .,0
chương trình học khá nhiều không có thời gian làm bài tập để hiểu hơn về môn học .,0
cho học sinh tích cực thuyết trình bằng tiếng anh .,1
thầy vui tính và dạy nhiệt tình .,1
phù hợp với thực tiễn .,1
"giảng dạy tốt , chỉ bảo tận tình .",1
giảng viên cần phải có phương pháp dạy hay hơn để sinh viên yếu có hứng thú đối với môn học .,0
cô wzjwz259 rất vui và nhiệt tình .,1
thầy nên cho một ít bài tập về nhà làm để củng cố kiến thức thêm tại bài tập thi bao la em không biết cái nào là trọng tâm hết .,0
"giảng viên có vài lần không nghe trình bày kết quả thực hành của sinh viên , khi sinh viên nhóm này trình bày thì giảng viên lại đi qua nhóm khác mặc cho sinh viên đó đang nói .",0
có bài soạn cho sinh viên xem trước .,1
"đọc slide xong cũng hết giờ và coi như kiến thức đó đã được "" nạp "" .",0
khả năng truyền đạt lại kiến thức không được tốt .,0
"cô dạy nhiệt tình , tận tâm với sinh viên .",1
chưa quan tâm tới những sinh viên còn yếu .,0
thái độ giảng dạy rất tốt .,1
cải tiến phòng học nhiều thiết bị cho việc thực hành .,0
đề thi cuối kỳ quá khó và cấu trúc đề quá kỳ lạ .,0
không đáp ứng được nhu cầu của sinh viên .,0
"giảng viên dạy rất nhiệt tình , giúp đỡ sinh viên rất nhiều .",1
nhiệt tình trao đổi ý kiến với sinh viên .,1
"tận tâm , chu đáo và luôn theo sát giúp sinh viên đạt kết quả tốt trong môn học .",1
"trường uit , cách riêng khoa truyền thông và mạng máy tính rất may mắn có được người thầy như thầy x .",1
"vào lớp muộn , cho ra trễ .",0
"cô giảng bài không truyền cảm hứng cho sinh viên , cũng như cô không quản được lớp trong giờ seminar như vậy làm cho mục đích cho lớp seminar không đạt chất lượng .",0
luôn nhiệt tình trong giảng dạy .,1
gây khó nắm bắt .,0
cần giải thêm nhiều bài tập và các đề ôn thi !,0
thầy nhiệt tình chu đáo quan tâm đến học sinh .,1
"thường xuyên đi ra ngoài , điện thoại , skype liên tục reo .",0
thầy nhiệt tình giúp đỡ sinh viên .,1
chỉ bảo tận tình .,1
giảng viên thường không trả lời câu hỏi của sinh viền hoặc là khó chịu khi sinh viên hỏi bài .,1
cho thêm bài tập và các chủ đề để sinh viên tìm hiểu .,0
"giảng viên tận tâm , nhiệt tình , lên lớp đúng giờ .",1
"em đã nán lại thêm nhưng thầy đi qua đi lại bảo 2 , 3 lần nên em đã về .",0
cô rất tận tình giúp đỡ chúng em trong học tập .,1
cách thức thông báo qua facebook không hiệu quả .,0
thầy đi rất đúng giờ và nhiệt tình .,1
thầy chủ động sửa bài tập trên lớp để sinh viên nắm kiến thức rõ hơn .,1
"giáo viên truyền đạt một số kinh nghiệm , kỹ năng lập trình cho sinh viên .",1
có nhiều hoạt động cho phần speaking .,1
giảng viên nên đưa ra thêm những ví dụ thực tiễn hơn trong mô hình kinh doanh ngoài thực tế .,0
cần bài tập thêm vê nhà .,0
có liên hệ môn học với thực tế .,1
"đi trễ ba buổi không được điểm danh trễ , một buổi thầy từ chối điểm danh trễ .",0
không hướng dẫn đồ án .,0
"máy của phòng thực hành wzjwz241 khởi động visual studio chậm , bàn phím chưa tốt .",0
nếu không thì buổi học toán nào 3 tiết cũng thành 5 tiết .,0
ở lớp khi ngồi ở những bàn sau nhìn bảng rất khó .,0
"ngoài copy và paste ra , giảng viên không hướng dẫn gì thêm .",0
giọng nói hay .,1
thầy luôn đúng giờ .,1
"đầu năm đến giờ gặp thầy được một lần thôi , thầy tổ chức gặp được một lần .",0
học theo đúng thời khóa biểu .,1
"giảng viên dạy dễ tiếp thu , slide trình bày được , giảng viên vui tính , dạy nhiệt tình , tận tình trong công việc .",1
"giảng dạy tận tâm , nhiệt tình tạo điều kiện phát triển kiến thức cho sinh viên .",1
không tạo điều kiện cho sinh viên thoải mái học tập .,0
cô rất hòa đông giảng dạy rất dễ hiểu .,1
giảng viên nên nói tiếng anh sau đó giải thích nghĩa .,0
âm thanh phòng học wzjwz238 còn quá nhỏ nên khiến thầy thường nói không micro .,0
nhưng lớp trường lại chậm trể trong việc đưa về cho sinh viên thế nên cần phân bổ tài liệu trực tiếp cho sinh viên .,0
"giảng viên nhiệt tình , cho lớp thuyết trình nên tăng khả năng giao tiếp .",1
"giáo viên lên lớp đúng giờ , giảng bài sôi động .",1
hăng say đến nỗi quên cả giờ giấc .,1
"nội dung chương trình học cần rõ ràng hơn , cần cập nhật chương trình học , nội dung bài giảng trên slide còn lủng củng .",0
"giảng viên tận tâm , giúp đỡ sinh viên trong quá trình học .",1
"phòng học , bàn ghế còn bẩn và nhiều bụi bặm .",0
cô truyền đạt còn khó hiểu .,0
"dạy hay , hiệu quả .",1
thầy giảng dạy khá nhiệt tình .,1
"thầy dạy nhiệt tình , rất dễ hiểu .",1
sự nhiệt huyết của giáo viên .,1
khối lượng lý thuyết và thực hành phải học quá ôm đồm trong một môn học .,0
thầy rất nhiệt tình và dạy dễ hiểu .,1
tài liệu tham khảo đầy đủ .,1
tận tình và up tài liệu trên module nhiều rất tiện việc theo dõi và cả song ngữ .,1
"thầy dạy rất tận tâm , nhiệt tình trả lời câu hỏi của sinh viên .",1
"giảng dạy nhiệt tình , nghiêm túc , có quan tâm đến sinh viên .",1
"cô dễ thương , gần gũi và rất quan tâm đến sinh viên của mình .",1
"trong buổi học thầy hay nói lan man nhiều chủ đề khác , tuy thu hút được sự tập trung và chú ý của sinh viên nhưng thường không liên quan hoặc ít liên quan đến môn học .",0
"thầy chỉ rất tận tâm , nhiệt tình , giảng lý thuyết rất ổn .",1
mong ý kiến của em sẽ được xem xét .,0
"cần giảng viên nói to rõ , làm cho tiết học thêm sôi động , hấp dẫn .",0
"thầy yêu cầu cao về đồ án , hơi chi tiết , mong thầy có thể nhẹ tay hơn với các em khóa sau .",0
"rồi một nhóm thì phải chấm điểm báo cáo cuối kỳ cho 3 nhóm khác , làm phiếu chấm điểm , soạn câu hỏi mà có yêu cầu ra đáp án đồ án của nhóm code chưa tới đâu thì sao mà ngồi đọc source của nhóm khác để code tiếp cho họ .",0
chất lượng kiến thức được giáo viên truyền đạt hay .,1
"thầy có kiến thức sâu rộng , chúng em cần phải học hỏi nhiều ở thầy .",1
"nhiệt tình , tân tâm .",1
thầy giảng hiệu quả .,1
"có rất nhiều thiết bị đang xuống cấp và hư hỏng , ảnh hưởng đến chất lượng giảng dạy .",0
"giảng viên cần linh hoạt trong giảng dạy , chuẩn bị bài giảng phong phú .",0
"biết tạo điều kiện cho học sinh rèn luyện các kỹ năng , khả năng dẫn dắt truyền đạt tốt .",1
có lấy nhiều ví dụ liên hệ thực tiễn .,1
"vui tính , dễ gần .",1
"giảng viên tận tâm , nhiệt tình đới với sinh viên .",1
"cần cải thiện chất lượng phòng học thực hành của khoa wzjwz36 tại phòng wzjwz37 , máy tính của trường cung cấp không thể sử dụng để thực hành , 10% sinh viên phải dùng laptop cá nhân để làm thực hành , bên cạnh đó phòng học cũng rất chật và nóng bức .",0
thầy dạy rất nhiệt huyết và tận tình .,1
thầy rất nhiệt tình giải đáp những câu hỏi của sinh viên và thấy luôn đưa ra bài tập với hướng dẫn thực hành đầy đủ cho sinh viên .,1
giảng viên hòa đồng và kể rất nhiều chuyện mang tính cập nhật thời sự .,1
"thầy giảng dạy nhiệt tình dễ hiểu , sửa bài tập kỹ .",1
"thưa , em thực sự chưa thực sự hài lòng về tốc độ bài giảng cũng như việc đưa ra những câu hỏi khó của thầy , em luôn mong có sự gợi ý từ thầy trong những câu hỏi với mục tiêu hiểu sâu bài học .",0
em đề nghị đổi phòng học .,0
"phòng học nóng , máy chiếu hơi mờ .",0
giọng thầy nơi hơi buồn ngủ .,0
bài giảng thiếu sự thu hút .,0
"tóm lại , em hoàn toàn không hài lòng về chất lượng giảng dạy của thầy .",0
"cần phải nâng cấp , cài đặt mới các phần mềm phù hợp hơn ví dụ doubledot máy ảo ubuntu .",0
hy vọng thầy cho nhiều bài tập hơn .,0
"dọng thầy hơi khó nghe , nói còn hơi to .",0
ida pro 64-bit hoàn toàn có thể phân tích các file thực thi 32-bit nhưng các thanh ghi phức tạp hơn nhiều thay cho ida pro 64-bit không phân tích được cái file thực thi 32-bit colonsmile .,0
ít hoạt náo dễ gây buồn ngủ .,0
khả năng truyền đạt của thầy không được tốt lắm .,0
chỉ làm bài tập dựa trên tài liệu và tìm kiếm trên mạng .,0
chưa tương tác nhiều với sinh viên .,0
thầy ít cho bài tập .,0
"một số bài tập không rõ , không đi sâu .",0
lý thuyết hơi nhiều .,0
số bài thực hành quá nhiều cho một môn thực hành hình thức 2 .,0
nên chuyển qua phòng học khác không có máy tính và nhỏ hơn .,0
"dạy hay nhưng chưa tích cực lắm , cần có phương thức dạy sôi nổi , vui tươi , tận tình hơn một chút sẽ rất hoàn chỉnh .",0
hi hi .,1
"thầy trẻ , phong cách giảng dạy có phần cởi mở hơn .",1
"truyền đạt bài học tốt , dễ hiểu .",1
thầy rất tuyệt thầy dạy rất dễ hiểu .,1
làm việc nhóm nhiều .,1
"chẳng hạn , sinh viên chuyên ngành mạng thì không nên quá đào sâu vào nội dung mà chỉ cần đưa ra những nội dung nền tảng , cần thiết nhất .",0
"thầy quá bảo thủ , thầy luôn cho rằng ý kiến của thầy là đúng nhất , ngoài ra mọi ý kiến khác đều sai .",0
"giảng viên giảng dạy tận tình , vui vẻ giúp học viên nhận thức được nhiều kiến thức .",1
"thiết kế bài giảng lại , dễ hiểu và cuốn hút hơn .",0
giảng viên cần có phương pháp giảng dạy tốt hơn .,0
theo em thầy chính là mẫu mực của một nhà giáo thực thụ .,1
"giảng viên truyền đạt kiến thức tốt , có nhiều kinh nghiệm , phát âm tốt .",1
giáo trình hợp lý chất lượng cao .,1
"nâng cao kiến thức cho sinh viên rất tốt , giảng dạy dễ hiểu .",1
hệ thống tính điểm quá trình chi tiết .,1
"giảng viên rất tôn trọng sinh viên , hướng dẫn tận tình cho sinh viên cách học và ôn tập cuối kỳ , ngoài ra còn hướng dẫn chi tiết cho sinh viên về đồ án tốt nghiệp .",1
"giảng viên giảng không hay , đã vậy còn không nhiệt tình , không vui vẻ , không tạo cơ hội cho sinh viên hỏi về bài giảng .",0
em nghĩ nội dung thực hành nên gần với đồ án hơn .,0
đến lớp hơi muộn do giao thông .,0
giảng viên giảng kỹ và dễ hiểu !,1
"thầy nhiệt tình dạy giỏi , cung cấp tài liệu cho sinh viên đầy đủ dễ hiểu .",1
nên tăng thời lượng 3 tiết 1 buổi thành 4 tiết 1 buổi để sinh viên tiếp thu nhiều kiến thức hơn .,0
"truyền đạt hay , tận tâm .",1
"giảng viên truyền đạt tốt , em không có ý kiến gì thêm .",1
"cô vui tính , dạy tốt .",1
"thiếu nhiệt tình , chưa có sự chuẩn bị tốt về lý thuyết trước khi giảng dạy .",0
phương pháp dạy còn hơi khó hiểu .,0
"cô hướng dẫn sinh viên và nhận xét về đồ án rất tận tình , chính xác .",1
nhiệt tình và rất chú tâm trong công việc giảng dạy đối với sinh viên .,1
"lớp muốn hiểu bài phải sắp xếp thời gian , tiết học của mình để được học ké , học chui ở các giảng viên khác để lắp cho mình bù lại kiến thức bị trống .",0
"giảng viên đầy nhiệt huyết , gần gũi với sinh viên , bài giảng sinh động .",1
"giảng dạy cứng nhắc , áp đặp , không thu hút , gò bó sinh viên .",0
"không nói rõ nội dung nộp đồ án cuối kỳ là gì , cũng không nói rõ phải in báo cáo và ghi nội dung đồ án vào đĩa dvd trước ngày nộp .",0
"cập nhật slide mới , tài liệu slide cũ có nhiều điểm khác slide mới không cập nhât đúng thứ tự , ví dụ .",0
"thầy dạy hơi nhanh , khó hiểu .",0
cần có thêm bài tập về nhà và sửa một vài bài tập đó trên lớp để việc tiếp thu bài được sâu hơn và hiệu quả hơn .,0
"nhiệt tình , quan tâm đến sinh viên .",1
cho bài tập cụ thể .,1
thầy khá bận nên thời gian lên lớp không nhiều .,0
"nhiệt tình , truyền cảm hứng .",1
"kỳ sau em có học một môn của chị nữa đó , nhớ giúp em qua môn nha chị .",1
"cần giảng kỹ hơn chút nhưng cũng đừng quá chậm , giảng viên nên quan niệm sinh viên đã đọc sơ bài ở nhà rồi , nên đi sâu vào những ý mới , đặc thù của từng phần .",0
quá nhiều hoạt động ngoài giờ .,0
"vui vẻ , giờ học vui .",1
dạy khá tốt .,1
"vui vẻ , cởi mở .",1
cô dễ thương dạy dễ hiểu và tạo cảm hứng học tập .,1
"bài giảng dễ hiểu , tận tụy với sinh viên .",1
tôi nghĩ thầy là một người tốt và thân thiện .,1
thời gian chỉ được phân bổ 2 tiết nên vừa mất thời gian lại không có thời gian để giảng thêm nhiều vấn đề .,0
"phương pháp dạy nhàm chán , chỉ đọc slide .",0
cần liên hệ thực tiễn nhiều hơn .,0
dễ thương .,1
"thầy hay đi trễ , nghỉ nên thời gian trên lớp rất ít .",0
"thầy dạy hay , vui vẻ , rất hài lòng .",1
em nghĩ là nên giảm số giờ nói lý thuyết cho thêm giờ làm bài tập .,0
"giảng viên thân thiện , dễ gần .",1
seminar quá nhiều .,0
"cô dễ thương , vui tính , nhiệt tình , nhiều nhiều nữa .",1
chưa thấy được sự cần thiết thực sự của môn học đối với ngành nghề cũng như cuộc sống sau này .,0
luyện giao tiếp tốt .,1
buổi sửa bài tập cần làm kỹ lưỡng hơn .,0
chưa nêu bật được ứng dụng thực tiễn của môn học .,0
nên tổng hợp ý chính các bài để ôn .,0
"không hào hứng vì giọng thầy trầm , tự tìm hiểu trên mạng rồi viết báo cáo môn học thôi .",0
"nội dung tiết học còn lan man , cảm tưởng như thầy đang dạy về tiếng anh chuyên ngành , chứ không đào sâu về kỹ thuật .",0
khá là tâm huyết .,1
nên nâng cao chất lượng phòng học hơn .,0
"cô wzjwz92 rất tận tâm , nhiệt tình hướng dẫn khi sinh viên có thắc mắc , cô sẵn sàng ngồi lại sau giờ học để giải đáp tất cả thắc mắc của các bạn , dù có thể mất 1h .",1
thầy dạy rất nhiệt tình giúp sinh viên .,1
giảng viên giảng bài hơi khó hiểu .,0
truyền đạt rất nhiều kiến thức thực tế bổ ích .,1
quạt của phòng bị hư nên học hơi bị nóng .,0
"sau các lần nộp bài tập và sửa bài nên cung cấp bài giải đúng , chuẩn xác để cải thiện việc học của sinh viên .",1
"cô giáo nhiệt tình , tận tâm , giảng hay và dễ hiểu , tuyệt vời .",1
cách giảng dạy còn hơi nhanh và lý thuyết mới nhiều nên đôi lúc gây buồn ngủ .,0
"thầy rất nhiệt tình và năng động , học thầy có thêm nhiều kiến thức mới không chỉ gói gọn trong nội dung môn học .",1
không hướng dẫn làm đồ án .,0
"thầy hay đố quá , tụi em không biết được bao nhiêu colonsurprise !",0
"thầy dạy rất tốt và tâm huyết , phương pháp hợp lý và nội dung giảng dạy tạo hứng thú cho sinh viên .",1
phần điểm tích cực theo như thầy đánh giá là không hợp lý và công bằng cho tất cả sinh viên nếu điểm đó được tính là wzjwz59 % trong tổng điểm .,0
cần có các đề tài cụ thể và quy trình thực tế để sinh viên thực hiện ở môn học này !,0
mong khoa wzjwz101 có lịch học lý thuyết và thực hành cụ thể trước khi sinh viên đăng ký học phần để tránh trường hợp trùng lịch dẫn đến sinh viên phải hủy một số môn do chỉnh sửa lịch .,0
năng nổ nhiệt tình dễ hiểu .,1
"giảng viên nhiệt tình , khả năng truyền đạt tốt , tạo cảm hứng cho sinh viên muốn lên lớp .",1
kiến thức cô cung cấp rất đầy đủ .,1
"thầy wzjwz299 rất tận tâm , nhiệt tình !",1
giảng viên tận tình truyền đạt kiến thức biết cách làm lớp học không bị nhàm chán giúp sinh viên có hứng thú học hơn ngoài ra còn có các trò chơi áp dụng kiến thức giúp cho sinh viên hiểu hơn về vấn đề mới học .,1
thầy giảng dạy rất nhiệt tình và vui tính .,1
cảm thấy rất may mắn khi được học thầy .,1
chúc thầy luôn tận tình với sinh viên của mình như vậy .,1
"tuy tận tâm , nhiệt tình nhưng kiến thức thầy dạy khá cao siêu , sinh viên chưa đủ lĩnh hội được .",0
"thầy rất dễ chịu , giới thiệu về thực tế bên ngoài nhiều !",1
"chúc các thầy cô , anh chị làm việc vui vẻ !",1
lên lớp toàn cho làm paper .,0
giảng viên dạy lôi cuốn .,1
"tận tình , tâm huyết với sinh viên .",1
nhiều lúc hỏi bài sợ thầy la .,0
thầy rất nhiệt tình và vui vẻ .,1
thầy nên chia sẻ giáo trình với sinh viên .,0
dạy rất tốt về ubuntu .,1
"bên cạnh đó còn có rèn kỹ năng viết , kỹ năng hoạt động nhóm và tương tác trực tiếp rất hiệu quả .",1
"giáo viên rất nhiệt tình , tận tâm với sinh viên !",1
giảng dạy không rõ ràng còn hàn lâm .,0
đúng thời gian lên lớp và tận tình giảng dạy .,1
thầy rất nhiệt tình trong việc hướng học sinh đến con đường khoa học .,1
"giảng viên không cung cấp tài liệu cho sinh viên , khả năng truyền đạt của giảng viên chưa tốt .",1
"thầy rất nhiệt tình , giảng chi tiết .",1
cô nhiệt tình .,1
may mắn cho các sinh viên sau này không còn làm việc với giảng viên này .,0
không có hoạt động nhóm .,0
thầy dữ quá sinh viên 50 người thì 49 người sợ thầy .,0
"thầy mời doanh nghiệp về dạy sinh viên , khá thiết thực .",1
"tận tâm nhiệt tình , giảng giải cho sinh viên chưa hiểu tỉ mỉ .",1
có nhiều hoạt động trên lớp .,1
"thiếu tương tác với sinh viên , trong khi lớp chỉ 10 người nhưng thầy vẫn chưa nắm được tình hình học viên .",0
hướng dẫn chu đáo .,1
"giảng dạy tốt , nhiệt huyết với sinh viên .",1
giảng viên cần thay đổi cách giảng dạy .,0
"thầy dạy tốt , hiền , dễ gần .",1
"dạy nhiệt tình , dễ hiểu .",1
cho mượn kit về nhà đẻ thực hành .,0
chúc thầy sức khỏe và thành công .,1
"thầy dạy rất tốt , em cho 10 điểm .",1
thầy thân thiện và nhiệt tình .,1
cần cài đặt matlab trên các máy ở phòng thực hành .,0
bài tập khó .,0
giảng giải tốt vấn đề được đề cập đến .,1
cần áp đặt việc kiểm tra bài cũ và bài mới trên giờ học nhiều hơn .,0
"bổ xung trang thiết bị thực hành thực tiễn cho môn này , không chỉ đơn thuần là thực hành trên máy tính không .",0
nghỉ dạy rồi còn ý kiến gì nữa hả .,0
cô rất vui vẻ và hòa đồng .,1
các yêu cầu về đồ án môn học nên đươc đưa ra chính xác trước khi sinh viên bắt đầu thực hiện chia nhóm và làm đồ án .,0
"kiểm chứng phần mềm là một môn học khó , nên thực hành cần phải liên hệ thường xuyên với giáo viên , phải được gặp giáo viên hướng dẫn thường xuyên .",0
"thầy dạy nhiệt tình , chia sẻ những kiến thức bổ ích .",1
cần tăng thời lượng thực hành vì đây là môn mà thực hành mang tính quan trọng đối với sinh viên .,0
"nhiệt tình , giảng dạy có hiệu quả cao .",1
không sửa các bài tập thực hành .,0
em có ý kiến riêng là thầy wzjwz28 nên giới thiệu về các phương pháp xử lý trong quá trình phát triển game .,0
giảng dạy có logic và có sự chuyên tâm của giáo viên nên em không có ý kiến gì thêm .,1
không hiểu bài cho lắm .,0
"giảng rất hay , nhiệt tình .",1
nâng cao chất lượng phòng học và các trang thiết bị hỗ trợ .,0
"cách dạy vui , ví dụ cụ thể , giúp sinh viên hiểu rõ bài .",1
cách dạy của thầy giúp sinh viên có thể chủ động và rất dễ hiểu .,1
cách thầy dạy học rất hay !,1
giảng viên vào lớp toàn đọc báo bấm slide thời lượng không được bảo đảm tầm 9h là đi họp hoài .,0
mong phòng đào tạo trong tương lai sắp xếp cho thầy wzjwz128 dạy lớp em bất cứ môn nào thầy có thể .,0
cô nhiệt tình với sinh viên .,1
"khá gần gũi với sinh viên , vui tính , nhiệt tình .",1
"giảng viên dạy tốt , nhiệt tình .",1
khả năng truyền đạt dễ hiểu .,1
chưa thực sự tốt .,0
slide chưa đẹp lắm .,0
em cảm thấy nó rất hữu ích cho chúng em sau này .,1
"giảng viên cần tạo thêm những hoạt động tranh luận , làm việc nhóm nhiều hơn thay vì chỉ dạy lý thuyết .",0
"có một sô bài tập lớn hay , giúp bọn em rất nhiều .",1
không nên dạy theo phương pháp như ở bậc phổ thông mà nên chú trọng vào rèn luyện đầy đủ các kỹ năng chính của môn học .,0
sinh viên bọn em không chỉ được thực hành những kiến thức ở lớp lý thuyết mà còn được đi sâu hơn và được biết thêm những kiến thức mới .,1
thầy wzjwz269 không chỉ dạy em kiến thức chuyên môn mà còn cả tầm nhìn bên ngoài xã hội .,1
nội dung môn học rõ ràng .,1
cô nhiệt tình và vui vẻ .,1
"bộ kit thực hành cần được nâng cấp để không xảy ra tình trạng hư , trục trặc .",0
chất lượng dạy kém .,0
copy code từ cái slide quăng vào visual để chờ thầy chấm điểm cho cao .,0
cho các bài tập lớn để sinh viên có thể làm việc nhóm .,0
mong thầy cố gắng trong các học kỳ sau .,0
làm bài tập nhiều hơn trong giờ .,0
"thầy cung cấp nhiều thông tin hay , hữu ích đối với đồ án .",0
"thầy tận tâm , nhiệt tình chia sẻ kiến thức , kỹ năng .",1
tạo niềm vui cho bọn em tuy lý thuyết bọn em rất đuối sức .,1
"vui tính , hòa đồng nhiệt tình , chỉ bảo tận tình .",1
giáo viên tổ chức hoạt động theo nhóm .,0
giảng viên nhiệt tình trong khi dạy .,1
"thầy hay hát vu vơ , nghe cũng hay nhưng cũng rất buồn cười .",1
"cách giảng suông khá nhàm chán , chưa tạo được sự thu hút sinh viên nghe giảng .",0
kết quả đạt được trong buổi thực hành hỗ trợ rất nhiều cho lý thuyết được học .,1
"sinh viên hỏi , nhận câu trả lời cũng như không hỏi .",0
em nghĩ là làm bài tập nhiều tốt hơn là học lý thuyết nhiều .,0
nếu có thì chỉ hướng dẫn bằng lý thuyết mà không làm bài tập mẫu cho sinh viên .,0
"thầy giảng rất nhanh , cho bài tập và dotdotdot ngồi chơi và gần như là tất cả các buổi .",0
"dễ hiểu , tận tâm , nhiệt huyết , tạo bầu không khí trong lớp học .",1
giảng viên cho bài tập hàng tuần khá nhiều và bài tập có hướng dẫn nhưng chưa cụ thể .,0
"thầy không cung cấp đủ tài liệu trên website môn học , toàn bộ tài liệu sinh viên phải đi nhờ mấy bạn lớp khác để có tài liệu mà học .",0
"thầy không chịu dạy thực hành , nên cũng rất chán khi học thực hành , nói chung là không ai đi học thực hành là do thầy không dạy tốt , thực ra thì chưa dạy gì cả .",0
giảng viến quan tâm nhiều đến sinh viên .,1
thầy liên hệ khá nhiều về thực tiễn cuộc sống .,1
nhưng ít nhất cũng giúp sinh viên mô hình hoạt động mạng .,0
"update các bài học mới , bổ ích .",1
thực hành không liên quan gì đến lý thuyết .,0
lên lớp đều đặn .,1
"giảng dạy nhiệt tình , vui vẻ , hài hước tạo cảm giác hứng thú cho sinh viên trong giờ học .",1
đề nghị nhà trường nên đầu tư thêm cho phòng máy và cập nhật các phần mềm phục vụ cho học tập .,0
thầy có bài tập hay .,1
cô không cung cấp đáp án bài tập trên moodle .,0
hoàn hảo !,1
cô dạy nhiệt tình và tâm huyết .,1
đưa ra các tiêu chí tính điểm một cách cụ thể .,0
"lên lớp đúng giờ , dạy dễ hiểu .",1
có tâm huyết với lớp và chương trình học .,1
"thầy bụng bự , vui tính , hòa đồng .",1
cô rất nhiệt tình chu đáo .,1
"thầy nhiệt tình vui tính , dạy dễ hiểu .",1
"dạy dễ hiểu , hài hước !",1
"nhiệt tình , nhanh nhẹn , thân thiện .",1
thầy cung cấp các bài tập rất đúng thời điểm trong quá trình học tập .,1
cung cấp nhiều kiến thức thực tế và các kiến thức khác ngoài môn học giúp sinh viên có cái nhìn tổng quan hơn về môn học .,1
"thời gian thực hành và lý thuyết mâu thuẫn nhau , thực hành thì học sau lớp lý thuyết và lại kết thúc và thi trước lớp lý thuyết .",0
lớp trưởng quản lý 19 - 20 nhóm trong lớp đòi hỏi lớp trưởng phải có kiến thức tốt và trách nhiệm .,0
"cung cấp cho sinh viên biết được mục đích và công dụng thực tiễn của môn học vào thực tế nghề nghiệp , thêm các ví dụ liên quan tới cách áp dụng môn học vào nghề nghiệp tương lai chứ không dừng ở việc lấy ví dụ cho bài giảng .",1
giảng viên dạy lý thuyết nên dạy thực hành để giúp sinh viên làm rõ những kiến thức trong lý thuyết .,0
"lớp học vui , giảng viên giảng dạy sáng tạo , dễ hiểu .",1
"giảng viên chưa nắm rõ chương trình , có khi không fix được lỗi để giảng cho sinh viên mà giao bài tập bắt sinh viên làm , trong khi giáo trình môn học gửi trên moodle không đáp ứng được lượng kiến thức cần thiết , còn quá sơ sài , không cụ thể , và đôi khi không có tài liệu luôn đặc biệt là về phần c .",0
chu đáo nhiệt tình .,1
"thầy wzjwz246 rất nhiệt tình trong giảng dạy và luôn tham khảo thêm nhiều ý kiến của sinh viên , thường xuyên thảo luận trên diễn đàn môn học .",1
"quản lý thời gian thực hành chưa hợp lý , tiết thực hành hơi nhàm chán .",0
nhiều lúc lớp chỉ có hai người đi học .,0
cô rất nhiệt tình và vui tính ạ .,1
"hơn nữa cô báo nghỉ rất trễ , cách rất sát giờ học .",0
slide và bài tập cụ thể .,1
giảng viên cần trao đổi thêm với sinh viên thông qua website môn học .,1
dạy rất sát với giáo trình của trường đưa ra .,1
dạy chỉ trong slide không bổ sung kiên thức hay giải bài tập .,0
khả năng truyền đạt chưa ổn .,0
"cập nhật liên tục những công nghệ mới , không giảng dạy những công nghệ đã quá cũ trang thiết bị thực hành cần hoàn thiện .",0
cho nhiều bài tập và hướng dẫn giải rõ ràng .,1
"giảng viên có kỹ năng tốt , truyền đạt dễ hiểu , dễ áp dụng .",1
giảng dạy rất tận tình .,1
"dạy hay , đúng trọng tâm .",1
thầy dạy rất dễ hiểu qua các ví dụ thực tế mà thầy demo trên lớp .,1
cô tận tình .,1
"nội dung các bài thực hành cần thiết , được thầy thay đổi thích hợp với nội dung học .",1
chúc thầy vui và sống khỏe .,1
"cập nhật tính thời sự trong môn học , cung cấp tài liệu đọc thêm bổ ích .",1
thầy rất quan tâm đến sinh viên .,1
"tuy nhiên , bản chất môn học vẫn chán nên dù cô dạy rất hay nhưng cũng khó theo được .",0
"giảng viên nhiệt tình , tận tâm và quan tâm đến sinh viên .",1
giảng viên có tâm huyết với việc dạy học .,1
"tận tình , cách dạy thực tế .",1
"chấm điểm thực hành cần xem xét , khó đạt điểm cao .",0
dạy đúng trọng tâm .,1
"nhiệt tình , dễ gần , truyền đạt tận tâm .",1
luôn giải đáp mọi thắc mắc của sinh viên .,1
"thầy dạy dễ hiểu , luôn nhắc lại kiến thức cũ ở mỗi tiết .",1
"nên sử dụng phấn , bảng hơn slide .",0
"giảng viên thường dạy quá giờ ( khoảng 30 phút ) , ảnh hưởng đến tiết học tiếp theo của sinh viên .",0
"giáo viên hướng dẫn tận tình , cung cấp đầy đủ kiến thức căn bản bộ môn .",1
em rất vui khi được học tập dưới sự giảng dạy tận tâm của cô .,1
thầy cung cấp những thông tin rất mới và rất có ích cho sinh viên cả về học tập và làm việc sau này !,1
"giảng viên không sử dụng moodle làm kênh thông tin liên lạc với học sinh , không up slide tài liệu bài giảng lên gây khó khăn cho việc nắm bắt thông tin về yêu cầu môn học và khó khăn trong học tập .",0
"cô cực kỳ nhiệt huyết , cô rất dễ thương colonlove cô yêu học trò của mình , cô cực kỳ khách quan , phong cách làm việc của cô rất giống người nước ngoài , em thích cô .",1
"giảng viên nhiệt tình , vui vẻ , giờ học vui .",1
"bài tập nhiều , đầy đủ dạng .",1
thầy cho code ví dụ rất đầy đủ .,1
bài học liên quan tới thực tế .,1
"môn học toàn kiến thức mới mẻ , giảng viên nên giảng chi tiết hơn .",0
giúp đỡ tận tình sinh viên .,1
"phương pháp giảng dạy chủ động , giúp sinh viên không chỉ nâng cao kiến thức chuyên môn mà còn cả kỹ năng nghề nghiệp doubledot thuyết trình , tư duy phản biện .",1
có lẽ phải nâng cấp trang thiết bị .,0
giải bài tập hơi khó hiểu nhưng có lặp lại .,0
"nhiệt tình , giảng bài dễ hiểu .",1
wifi yếu .,0
cô giảng với giọng quá nhỏ chả nghe gì cả .,0
giảng viên dạy nhiệt tình dễ hiểu .,1
"cô dạy nhiệt tình , dạy kỹ .",1
"thầy wzjwz27 cần giảng bài rõ ràng hơn , khi giảng cần nói to hoặc dùng micro để mọi người trong lớp cùng nghe cũng như chú ý đến bài giảng .",0
"giảng viên dạy nhiệt tình , tận tình giúp đỡ .",1
cần phân chia trình độ giữa các bạn để chia lớp rõ ràng hơn .,0
trình bày hay .,1
giảng bài hơi khó hiểu .,0
nhưng bài tập hơi khó .,0
"em thấy rất hài lòng về môn học này , nên em không có ý kiến gì khác cả .",1
cần tăng cường nội dung nghe và nói để sinh viên giao tiếp tốt hơn bằng tiếng anh .,0
"quá khuôn khổ , ít có sự sáng tạo và ít có những bài tập làm thêm củng cổ ngoài sách học .",0
cần có nhiều trò chơi nhằm kích thích tính hiếu thắng của sinh viên chất lượng học tốt hơn .,0
"thầy luôn nhiệt tình , có những chia sẻ rất gần gũi với sinh viên .",1
cho bài tập nhiều .,0
nên đầu tư thiết bị để có thực hành .,0
"thầy vui vẻ , dạy dễ hiểu .",1
giảng dạy chi tiết và thường xuyên ôn lại kiến thức !,1
giảng viên nhiệt tình .,1
em mong muốn nhà trường phân công thầy wzjwz29 dạy lớp em nếu có thể ở các môn học tiếp theo .,1
giảng viên cho học sinh xem thêm nhiều video tiếng anh hay .,1
"giảng viên giảng dạy có sự lôi cuốn , dễ hiểu , truyền đạt kiến thức tốt .",1
rất quan tâm .,1
thầy còn hướng dẫn kỹ tại sao những dòng code hoạt động và không hoạt động .,1
cần có nhiều người như cô .,1
"đầu tư các thiết bị cho sinh viên mượn , như điện thoại android , windows phone .",0
hình thức tạo nhóm không hiệu quả .,0
có nhiệt huyết trong giảng dạy .,1
cần nghiêm khắc hơn trong quá trình học .,0
mang tính cập nhật .,1
cảm ơn thầy rất nhiều !,1
phòng máy ngon hơn .,0
em rất hài lòng với cô .,1
"vui vẻ , tận tình giải đáp thắc mắc và cung cấp nhiều kiến thức bổ ích .",1
cả lớp đều nói là giảng viên chưa hướng dẫn mà giảng viên nói là hướng dẫn rồi .,0
cần có sự tương tác giữa giảng viên và sinh viên nhiều hơn .,0
giảng viên dạy khó hiểu .,0
"luôn trả lời những thắc mắc của sinh viên , dạy tận tình .",1
em xin cảm ơn .,1
"giảng viên giảng dạy nhiệt tình , đóng góp ý kiến thẳng thắng , không tạo áp lực , chấm điểm chuẩn xác .",1
thầy ít giảng chủ yếu là cho chép vào vở .,0
phương pháp dạy không phù hợp .,0
phần thực hành ít có liên quan đến phần lý thuyết .,0
lớp học trầm .,0
một số buổi dạy của giảng viên không hiệu quả về giờ giấc .,0
giảng dạy rất dễ hiểu và tận tâm với sinh viên .,1
"nhiệt tình , vui tính , thảo luận nhiều .",1
"thầy dạy rất hăng say , nhiệt tình .",1
thầy dạy hay nhưng do bận nhiều việc nên thời gian học không đảm bảo .,0
"giáo viên nhiệt tình , giảng khá hay .",1
bài tập trên lớp nên được giới thiệu ngay từ đầu tiết học để học sinh không tốn thời gian đọc đề cũng như có thể suy nghĩ cách giải cùng lúc với việc nghe giảng .,0
"giảng viên lên lớp đúng giờ , tận tâm với sinh viên và nhiệt tình giảng dạy , hướng dẫn .",1
"thầy dễ thương , nhiệt tình .",1
cần wifi mạnh thêm cho dãy nhà cũ .,0
thầy hay giảng kiến thức cao siêu quá nên gần như em không hiểu bài mặc dù thầy rất tận tình colonsadcolon .,0
thầy chỉ làm việc của thầy .,0
"kiến thức thu được trong từng môn học thì rời rạc , học xong sinh viên có cảm giác như cưỡi ngựa xem hoa .",0
cần cho sinh viên thảo luận nhiều hơn .,0
"việc truyền đạt kiến thức còn lan man , dài dòng , gây khó hiểu sinh viên .",0
giảng viên nên làm từng bước chi tiết hơn là chiếu slide rồi nói .,0
"thầy dạy nhiệt tình , rễ hiểu .",1
những bài tập về nhà khó em hy vọng thầy có bài sửa mẫu chi tiết cho cả lớp giúp chúng em rút kinh nghiệm ạ .,0
"vui vẻ , hoà đồng , tổ chức nhiều hoạt động về môn học .",1
"gây bối rối , hoang mang cho sinh viên trong những quyết định về bài tập , đồ án , không rõ ràng , không quyết định chính xác .",0
"thầy hướng dẫn cụ thể , chi tiết , dễ hiểu .",1
thầy không dạy nhưng báo trước rất sát giờ và thầy rất hay nghỉ dạy .,0
hơi khó nghe .,0
"chất lượng phòng lab kém , nhiều máy không sử dụng được hoặc phần mềm bị lỗi , không thực hành được .",0
"thầy dạy phần lý thuyết hay , nắm bắt được khả năng của sinh viên .",1
cần thầy công bố điểm các bài kiểm tra sớm hơn nữa .,0
"thầy dạy đúng trọng tâm , dễ hiểu , vui tính , cách giải rất hay , rất chuyên nghiệp .",1
nhiệt tình trả lời câu hỏi khi sinh viên phát biểu .,1
"cần có thêm lớp training cho các bạn yếu , mất căn bản .",0
nên giải thích một số vấn đề khó chi tiết hơn .,0
"cơ sở dữ liệu năm nay đã kết hợp với thiết kế cơ sở dữ liệu rồi , kiến thức nhiều mà thi có phần trắc nghiệm nữa thì đánh giá kiến thức học được chưa đảm bảo cho lắm ạ .",0
cô nhiệt tình trong việc giảng dạy và giúp đỡ sinh viên .,1
chia sẻ nhiều câu chuyện thú vị .,1
nội dung giảng dạy rất là lý thuyết và thiếu phần bài tập để ứng dụng và nhớ bài hơn .,0
"phòng học vô cùng nóng , quạt chỉ để trang trí .",0
không có nhiều tài liệu môn học được cung cấp cho sinh viên ngoài slide bài giảng của giảng viên .,0
"cuối kỳ , không cần ôn tập vẫn có thể nhớ rất nhiều kiến thức .",1
kiến thức học luôn được liên hệ với thực tế .,1
còn một số mục khó nhưng hay thì cô lại dạy lướt qua .,0
thầy wzjwz247 đôi lúc nhìn hơi bị bí hiểm em cảm thấy sợ vì điều này .,0
cần bài tập nhiều hơn .,0
"đề cương hiện tại thầy ra khá là mù mờ , rất tốn thời gian để xác định ý nghĩa thực sự của câu hỏi .",0
giảng nhiều bài tập .,1
lượng kiến thức quá nhiều trong một học kỳ .,0
mặc dù giảng viên nói khá nhiều kiến thức trên lớp học nhưng số lượng sinh viên hiểu hết kiến thức cực kỳ ít .,0
"sự tận tâm , nhiệt tình , đảm bảo thời gian và kiến thức cho sinh viên .",1
"nhà trường cần thông báo trước môn học cho sinh viên đăng ký , tránh tình trạng đăng ký rồi mới thông báo môn học .",0
giảng viên tạo sự thu hút đối với sinh viên .,1
"nói chuyện hơi chậm , không gây cảm hứng tốt .",0
hay gây buồn ngủ .,0
thương học sinh .,1
giáo viên thường xuyên cho nghỉ học .,0
wifi các phòng thực hành thường rất yếu .,0
table and chair is not fitted for class .,0
"giảng viên dạy nhanh , đôi khi không bắt kịp bài .",0
"những chủ đề , khía cạnh về tiếng anh phải được cho để sinh viên tìm hiểu .",0
đầy đủ kiến thức .,1
mà hơn nữa ngủ ở lớp học còn rất dễ bị đau lưng .,0
cần bỏ môn xác suất thống kê thay bằng học lập trình trực quan để sinh viên có thể dễ tiếp thu kiến thức .,0
thầy có đăng bài tập lên hệ thống môn học .,1
"cách truyền đạt kiến thức của thầy đối với em thì em cảm thấy không phù hợp lắm , em cần phải rất rất tập trung và hỏi đi hỏi lại nhiều lần mới có thể nắm bắt kiến thức .",0
"có thể là về cách dạy , và chương trình học cũng không mấy phù hợp .",0
thầy có phương pháp giảng dạy hiệu quả .,1
lúc thầy giảng chung cả lớp rất khó để các bạn dưới lớp nghe được giọng thầy .,0
tính chất môn học là code trực tiếp trên phần mềm dreamweaver và code sửa đi sửa lại để làm cho sinh viên hiểu .,0
nên giảm thời lượng môn học còn 7 tuần và tăng thời gian mỗi buổi học lên 4 tiết .,0
đôi khi nghỉ học không thông báo trước .,0
"giảng viên dạy tận tâm , nhiệt tình , lên lớp đúng giờ .",1
không có bài giảng trên moodle .,0
anh rất nhiệt tình trong giảng dạy và giải đáp thắc mắc của sinh viên .,1
chia nhóm làm đồ án rất hay .,1
thương xuyên ôn tập kiến thức .,1
thầy bận lịch của trường nên một vài buổi học thầy không lên lớp được .,0
thầy chưa mấy nhiệt tình !,0
giảng dạy tốt và có tâm .,1
cách giảng viên truyền đạt và rất tận tâm với sinh viên .,1
"giảng viên rất tận tâm , chu đáo .",1
"trên lớp cô dạy kỹ lưỡng , giảng bài dễ hiểu .",1
giảng viên giảng bài tiếp thu tốt .,1
"cô giảng dạy có tâm và nhiệt tình giúp đỡ sinh viên , giúp sinh viên hiểu sâu và vận dụng các vấn đề đã học vào thực tiễn .",1
thầy dạy giỏi .,1
làm một sinh viên như em không thể đủ nhận thức .,0
"cô giảng bài còn ít chỗ khó hiểu , không sâu sắc .",0
"cô hay đảo lộn giữa slide tiếng anh và tiếng việt làm việc theo dõi nội dung hơi khó , ngoài ra cách cô dạy không phải là khó tiếp thu mà tại vì cô không tạo được sự thoải mái trong tiết học làm cho chúng em không có hứng học tập .",0
em thấy môn này nhiều lý thuyết không đáp ứng đủ trong việc làm đồ án .,0
"giảng viên cần chú ý thêm về vấn đề lịch thi speaking , thông báo cho sinh viên biết và chuẩn bị trước nội dung thi .",0
trong khi giảng nói nhỏ quá .,0
thầy wzjwz212 dạy nhiệt tình .,1
cần nêu rõ mối liên hệ giữa môn này với chuyên ngành đang theo học .,0
"có lẽ vì thế , mà cô cho tụi em đồ án lớn và bài tập theo tuần nữa , nên tụi em khá là căng thẳng , tụi em còn phải làm đồ án của các môn khác nữa .",0
cô dạy rất hay và nhiệt tình .,1
thêm hệ thống ổ điện ngầm dưới nền nhà để tiện cho việc sinh viên có thể cắm laptop phục vụ học tập .,0
ít thực tế .,0
"giảng viên vui vẻ , tận tình .",1
giảng viên truyền đạt dễ hiểu và nhiệt tình .,1
nên có thêm trợ giảng để giảm bớt áp lực cho giảng viên .,0
về chuyên môn thì khỏi chê vào đâu cả .,1
"bên cạnh vấn đề phát âm lỗi , còn là vấn để truyền đạt , thật sự nó rất chán và buồn ngủ , lượng sinh viên đăng ký thì lớn hơn 50 bạn , mà thực trạng đi học thì chỉ khoảng 20 - 25 bạn !",0
theo em thầy nên sử dụng website môn học để cung cấp tài liệu cho sinh viên .,0
"thời lượng môn học quá dài , sinh viên cảm thấy mệt mỏi .",0
"nên thực hành speaking nhiều hơn và phân bổ thời gian học grammar , cũng như phân thêm thời gian học hoặc nghe phần listening .",0
"bài tập ngập mặt , deadline vào giờ khó đỡ .",0
tiết ôn tập khá đầy đủ và bao quát các kiến thức của môn học .,1
giáo viên hay tới trễ .,0
thầy giảng còn hơi khó hiểu khó tiếp thu .,0
nên cung cấp bài giảng .,0
"đúng giờ , nhiều tài liệu tham khảo .",1
"giáo viên thân thiện , nhiệt tình .",1
thực hành sớm hơn so với lý thuyết dẫn đến nhiều khó khăn cho sinh viên .,0
"môn học giúp sinh viên vận dụng được các kỹ năng về lập trình , giúp sinh viên hiểu rõ về hướng đối tượng và giúp sinh viên có thể tự làm ra các phần mềm đơn giản cho riêng mình bằng ngôn ngữ c .",1
rất mong thầy sẽ tiếp tục giảng dạy các khoá sau .,1
những gì quan trọng cần nắm bắt và tìm hiểu thêm .,0
không nên sử dụng thực hành hình thức 2 .,0
"nhiệt tình , vui vẻ , cung cấp kiến thức hay .",1
nội dung môn học nên tập trung vào chuyên ngành học .,0
quá chú trọng vào việc luyện kỹ năng thi toeic .,0
giảng viên thân thiện nhiệt tình cởi mở .,1
"cô dạy nhiệt tình nhưng nói qua rất nhỏ , khó nghe .",0
điều kiện vật chất chưa được đầy đủ .,0
không có sự lôi cuốn và thu hút trong cách giảng .,0
môn quan trọng mà có 3 tiết là hơi ít .,0
"thầy nên dạy kỹ hơn và giảng lại chậm , em thấy thầy dạy quá nhanh , em cảm ơn ạ .",0
em nghỉ nên biên soạn lại .,0
"cần nâng cấp máy tính trong phòng thực hành , nhiều kit de2 bị lỗi cần sửa chữa hoặc thay mới .",0
hy vọng cô sẽ dạy kỹ hơn .,0
"nên cung cấp cho sinh viên thêm nhiều tài liệu , cũng như bắt kịp xu thế phát triển của công nghệ để không bị lỗi thời lạc hậu .",0
không truyền được cảm hứng học tập .,0
không cho vừ vựng và bài tập thêm .,0
tài liệu chính thức của trường chưa có .,0
thầy khá nhiệt tình .,1
"cô dạy tận tình , vui vẻ và nhiệt tình .",1
"nhưng đổi lại khi được học với thầy thì lại là cảm giác khác , áp lực , thiếu tự tin , mệt mỏi , sau mỗi buổi học là một cơn đau đầu kéo dài .",0
toàn phải đi học ké lớp khác .,0
nên cho nhiều bài tập hơn .,0
thầy rất nhiệt tình và đưa ra những nguyên tắc học rất hiệu quả .,1
"giảng viên nhiệt tình , hết mình truyền đạt kiến thức .",1
"cô wzjwz221 rất nhiệt tình trong giờ thực hành , tận tâm , sẵn sàng giúp đỡ tìm lỗi sai và chỉ cách khắc phục .",1
"em có ý kiến về giáo viên bộ môn anh văn 2 trong học kỳ này của em như sau doubledot giảng viên giảng dạy rất kém chất lượng , trình độ phát âm cực kém , giống như giáo viên dạy cấp 2 !",0
thầy cứ mặc định học sinh thông minh .,0
tăng thêm tiết thực hành .,0
cô nói hơi nhanh .,0
"thầy luôn dặn chúng em phải trăn trở về tương lai , phải có sự phấn đấu , hoàn thiện tốt nhất mọi công việc .",1
"giảng dạy nhiệt tình , dễ hiểu .",1
cô nhiệt tình và tâm huyết trong việc dạy học .,1
"thầy nhiệt tình và dễ thương , giúp em tìm tòi và hiểu những cái không có trong sách , nhờ thầy ôn tập mà em đã có đủ kiến thức để làm bài thi và có kiến thức căn bản sau này .",1
"cung cấp các slide , tài liệu liên quan quá ít .",0
"đôi lúc hỏi một số câu hỏi rất mơ hồ khiến sinh viên không biết đang được hỏi về khía cạnh nào , cũ hay mới ( chương trước hay chương hiện tại ) .",0
giảng viên đem kiến thức vào giảng dạy rất đa dạng .,1
có cung cấp bài tập cho sinh viên tự học ở nhà .,1
"thầy dạy nhiệt tình , rất thương sinh viên .",1
"thầy rất nhiệt tình , luôn đưa ra những ví dụ thực tế rất sinh động .",1
giảng viên truyền đạt kiến thức rất hay và dễ tiếp thu .,1
"cô dạy hơi khó hiểu , phức tạp hóa vấn đề .",0
"thầy giảng rất kỹ và dễ hiểu , cho rất nhiều bài tập giúp sinh viên ứng dụng và nhớ được những gì đã học .",1
có lúc thầy lạc đề .,0
kiến thức đầy đủ và sử dụng nhiều .,1
nên có nhiều ví dụ hơn và trình bày nhiều hơn .,0
cần thực hành môn học nhiều hơn .,0
giảng cần nhiệt tình hơn .,0
slide bài giảng đầy đủ .,1
lâu lâu cô hay bận đột xuất .,0
"thầy nhiệt tình trong giảng dạy , luôn quan tâm chú ý đến sinh viên giải đáp mọi thắc mắc trong quá trình giải bài tập .",1
"thân thiện , nhiệt tình với sinh viên .",1
em không thích cách giảng dạy của thầy wzjwz86 cho lắm .,0
"thầy rất tốt , và truyền đạt đầy đủ kiến thức tới sinh viên .",1
thầy đôi khi bỏ tiết không báo trước .,0
mục tiêu môn học nên đặt ra là doubledot sinh viên được giới thiệu những gì .,0
"theo em nghĩ , đã làm đồ án môn học thì không nên thi cuối kỳ , mà thi cuối kỳ thì nên bỏ đồ án môn học .",0
vấn đề điểm kiểm tra cuối kỳ gây nhiều tranh cãi trong sinh viên .,0
"cô dạy dễ hiểu , dạy kỹ , tận tình , không khí học tập thoải mái .",1
ra đề khó .,0
cô rất tận tâm và quan tâm đến sinh viên .,1
giảng viên cần giảng giải các slide chậm lại và giải kỹ các ví dụ cơ bản .,0
"cô rất nhiệt tình trong hoạt động giảng dạy , công bằng trong đánh giá , rất quan tâm đến sinh viên .",1
nội dung thi khó đối với sinh viên không chuyên .,0
"cô rất nhiệt tình , luôn tận tâm truyền đạt kiến thức cho sinh viên .",1
"tránh tình trạng giảng viên đang dạy thì hết phấn , micro hết pin .",0
"cô giảng dạy thiếu tinh thần , không giảng giải kỹ ví dụ , toàn lướt qua gây thiếu kiến thức cho sinh viên .",0
thầy dạy hay slide chuẩn bị tốt .,1
thật sự để đánh giá tổng quát được chất lượng đào tạo thì có lẽ một sinh viên phải học qua nhiều giáo viên mới có cái nhìn tổng quát về cách giảng dạy và chất lượng .,0
"tận tình với sinh viên , dễ hiểu bài .",1
giảng viên không nói ra điểm khác biệt khi làm lab trên hai hệ điều hành này .,0
đảm bảo đúng thời gian lên lớp !,1
"thầy vui tính , thương sinh viên , dạy dễ hiểu .",1
"giảng dễ nghe , nhiệt tình .",1
phương pháp quan trọng là kiến thức chứ không phải điểm .,0
"thầy rất tận tâm , cũng như nhiệt tình truyền đạt kiến thức cho sinh viên !",1
"làm sinh viên khó liên hệ giữa lý thuyết và thực hành , dẫn tới không hiểu mình đang được học gì !",0
cô dạy rất hay !,1
"dạy đầy đủ kiến thức trên lớp , giảng sâu vào bài khiến sinh viên hiểu bài rõ ràng hơn .",1
còn lại ok hết !,1
"giảng viên hướng dẫn sinh viên nhiệt tình , giải đáp đầy đủ các thắc mắc .",1
đề nghị trang bị loa và micro mới .,0
cô rất hiền colonsmile .,1
điểm quá trình chưa thật sự công bằng với sinh viên .,0
thầy rất tốt với sinh viên .,1
"giảng viên nhiệt tình , vui vẻ , luôn giúp đỡ cho sinh viên hoàn thành tốt nhất bài báo cáo .",1
"có lúc nghiêm khắc , cho bài tập hơi nhiều .",0
"giáo viên dạy dễ hiểu , dễ tiếp thu .",1
đôi khi dạy khiến học sinh buồn ngủ bởi cách dạy chưa hay hoặc bài học khó nhưng chưa chỉ ra hợp lý .,0
"có những ví dụ sinh động , dễ hiểu .",1
bài giảng sống động .,1
"cô chỉ cho bài tập về nhà kêu làm và nộp , không giải thích gì thêm .",0
"giảng viên dạy đúng giờ , dễ hiểu , bám sát đề cương .",1
chưa tương tác tốt với sinh viên qua e-mail .,0
giảng viên vui tính thân thiện .,1
cách thầy truyền đạt kiến thức rất hay và dễ hiểu .,1
em nghĩ nên bỏ môn này .,0
"có thể việc chép bài trên bảng xuống vở là một phương pháp học hay , nhưng chữ thầy khá nhỏ và hơi xấu colonsmilesmile .",0
thầy không đến lớp mà khôg thông báo .,0
thầy thường xuyên theo dõi sinh viên trong quá trình thực hành và giải đáp thắc mắc rất hợp lý .,1
việc thắc mắc thầy điều giải đáp .,1
khả năng truyền đạt kiến thức kém .,0
em thấy thầy chỉ giảng cho có .,0
tốt nhất nên cho ví dụ tổng quan .,0
"giảng viên không tổ chức buổi gặp sinh viên nào , và cũng không có bài tập , nội dung phần thực hành .",0
hình như em đăng ký thầy dạy mà thầy dạy mấy buổi người khác dạy mấy buổi thì phải .,0
"đối với em thì cách thầy giảng khá là dễ hiểu nên thầy đừng lo quá về vấn đề đó ạ , với lại sinh viên đa phần thụ động nên nếu không hiểu lại càng không dám hỏi .",1
em có đăng ký học môn khác vào tiết sau và lúc nào cũng bị đi muộn .,0
máy chiếu phòng wzjwz11 chất lượng quá kém .,0
truyền thụ hết kiến thức cho sinh viên .,1
sửa và cho các bài tập rõ ràng hơn !,0
nâng cao chất lượng phòng máy .,0
"giáo viên cần chỉ dẫn kỹ hơn phần thực hành kể cả ở lớp và thực hành , nên nhắc nhở dám sát sinh viên , để trách cho sinh viên hay ngoại trong mặt này .",0
tài liệu thực hành nên nêu rõ mục tiêu cũng như kiến thức cần đạt được sau bài thực hành .,0
"giảng viên nhiệt tình , tận tâm giảng dạy tốt .",1
cô giảng hơi nhanh và khó nghe .,0
giảng viên tới lớp hơi trễ .,0
"cập nhật kiến thứ trong các slide , những phương pháp mới .",0
"giảng viên cung cấp đầy đủ kiến thức , tài liệu học tập .",1
giảng viên không chỉ cung cấp những kiến thức như trong đề cương môn học mà còn cung cấp những kiến thức sâu rộng về thực tiễn cũng như nâng cao nhằm tăng cường độ hiểu biết cho học sinh .,1
"em hi vọng thầy có thể cung cấp tài liệu học tập một cách đầy đủ , vì trên slide em thấy còn hạn chế về kiến thức và quá tóm tắt .",0
rất quan tâm đến sinh viên .,1
vì tính cô kỹ nên đôi lúc nói quá nhiều về một vấn đề ( lặp đi lặp lại ) làm mất thời gian trên lớp và sử dụng giờ học không hiệu quả .,0
rất ok về mọi phần .,1
"do môn còn mới nên nhiều vấn đề trục trặc trong quá trình thực hành thầy vẫn chưa giải quyết được , nhưng vẫn rất ủng hộ thầy .",1
"dễ hiểu , tận tâm !",1
"em nghĩ môn này nên minh họa nội dung lý thuyết bằng một đề tài suốt tất cả các nội dung , giống như làm một đồ án luôn vậy , như thế sẽ dễ nắm bắt và hiểu lý thuyết hơn .",0
"thầy dạy tâm huyết , giỏi , truyền đạt được cảm hứng học tập và nghiên cứu cho sinh viên .",1
giọng nói truyền cảm .,1
kiến thức truyền đạt tốt .,1
"nên có những giáo trình hướng dẫn giải bài tập nhiều hơn vì trong trường dường như chỉ có 1 , 2 loại giáo trình bao gồm cả lý thuyết và bài tập chứ không có giáo trình hướng dẫn giải bài tập .",0
"giảng viên dạy hay , mang tính thực tế .",1
"thầy dạy rất hay , cảm ơn thầy ạ .",1
cần sửa thêm bài tập trên lớp .,0
"đôi khi bài thực hành và lý thuyết không khớp gì nhau cả , có 2 tuần lớp thực hành học trước lý thuyết .",0
cô cho bài nhiều .,0
"thầy dạy rất nhiệt tình , khi dạy thầy luôn đi tới từng sinh viên để hướng dẫn .",1
dạy lố giờ .,0
tạo động cơ học tập lâu dài .,1
thầy nên cho phân nhóm làm bài tập về nhà .,0
bài tập nên thiết thực .,0
cô giảng dạy nhiệt tình và tận tâm .,1
thầy rất vui vẻ và tâm lý .,1
cô có nhiều hình thức giảng dạy hay .,1
"cần bám sát giáo trình nhiều hơn , tránh dạy tràn lan .",0
thông báo những buổi seminar và báo cáo phải chính xác để dễ dàng cho cả sinh viên lẫn giáo viên .,0
dễ tiếp thu kiến thức .,1
chất lượng môn học vậy đã đầy đủ .,1
"thầy nên điều chỉnh lại cách giảng bài , thầy nói thường xuyên ngắt nhịp nên buồn ngủ quá .",0
có những hoạt động giúp giờ học sinh động .,1
