text,label
thất vọng chất lượng sản phẩm rất kém,0
mình mới dùng chưa biết thế nào hi vọng da mình hợp sẽ tiếp tục ủng hộ shop,1
hàng đẹp tuyệt vời shop tư vấn nhiệt tình dễ thươngủng hộ shop dài dài ah thời gian giao hàng rất nhanh,1
đặt 6c size xxl thì lại giao 5c size xl 1c size xxxl,0
áo hơi bẩn,0
Tôi thích sản phẩm này vì nó đáp ứng được nhu cầu người dùng hiện tại. Công việc và giải trí,1
thiếu sự tương tác và trao đổi giữa sinh viên và giảng viên,0
học phí quá cao mà chất lượng giáo dục lại rất kém,0
họ rất thông minh và cùng lúc rất thực tế,1
treo đầu dê bán thịt chó,0
ủng hộ hết tiền luôn hehe,1
còn gì hạnh phúc hơn trong cuộc sống này :heart_suit:,1
giảng viên của tôi có phong cách giảng dạy linh hoạt và đa dạng giúp sinh viên cảm thấy hứng thú hơn trong quá trình học tập,1
vỏ kén đen và đắng,1
cô ấy có khả năng giải thích rõ ràng dễ hiểu,1
giao hàng nhanh đủ đúng,1
chất lượng sản phẩm tạm đượcchiều dài áo ngắn quá,0
chất lượng sản phẩm kém chất vải k giống hình,0
sản phẩm thì chất lượng tốt 5 sao thôi,1
bộ phim việt lần đầu xem thấy hay cảnh quay đẹp !,1
mình phải tháo ra may lại hết cả 2 cái,0
khuôn viên trường được xây dựng rộng rãi và thoáng mát giúp sinh viên có thể thư giãn và tập thể dục trong không gian rộng rãi,1
thái độ không tốt nhắn tin shop không trả lời đã trả lại,0
sinh viên này không thể tạo ra bất kỳ ảnh hưởng tích cực nào đến những người khác,0
đồ đẹp chất vải quá đẹp,1
shop làm việc rất chuyên nghiệp,1
chất lượng sản phẩm rất kém đóng gói sản phẩm rất kém đóng gói sản phẩm rất kém shop phục vụ rất kém rất không đáng tiền rất không đáng tiền,0
cô bạn này rất trí tuệ và thông minh,1
giao sai mẫu nên không đánh giá chính xác sản phẩm này được,0
vải cũng dày nhưng đường may chưa đẹp nhe shop,1
chất lượng sản phẩm rất kém đóng gói sản phẩm rất kém chất lượng sản phẩm rất kém,0
thầycô là người rất tận tâm và thông cảm đối với học sinh,1
áo đẹp shop nhiệt tình tư vấn :,1
cạch,0
mua đơn hàng thứ n rồi,1
anh ấy là người rất tận tâm và chu đáo,1
mặc bị tụt k ôm bụng,0
rep ib rất chậm,0
minh muôn doi hang,0
theo tao thì mày nên chọn thằg nhiều tiền đến năm cuối thì mày quay lại chọn với thằg nhiều tiền học bổg m hỏi vậy là mày được lựa chọn mà đấy là cách tốt nhất cho người hám tiền như mày,0
chất len rất xấu không như mong đợi,0
ko mặc dược,0
thành viên này cứng đầu và không chịu chấp nhận ý kiến của người khác,0
k giống hình áo thì mong chất vải thì xấu phí tiền,0
chất lượng sản phẩm tuyệt vời đóng gói sản phẩm rất đẹp và chắc chắn shop phục vụ rất tốt rất đáng tiền thời gian giao hàng rất nhanh,1
cô ấy luôn phản đối ý kiến của người khác mà không có lí do cụ thể,0
vải bị mốc,0
cây này màu đen nharất chắc chắn,1
sai mẫu,0
đuong may âu mau tôi,0
nhà ăn của trường có nhiều món ăn đa dạng và ngon miệng giúp cho sinh viên không bị nhàm chán với thực phẩm hàng ngày,1
bạn đó không hề chấp nhận hoặc tôn trọng ý kiến của người khác,0
rất đẹp luôn hê hê,1
hàng rất cute va giao hang nhanh shop rat nhiet tình va chu dao,1
hàng đúng như mô tả hàng thiireu shop gởi bù ngay rất uy tính 5 sao,1
dume s giống suy nghĩ tao thế nhỉ : hihi,1
"chắc là pin li ion nên giá mới rẻ vậy nhưng hàng asus thì ổn rồi, các bạn cẩn thận với mấy cái tung của 20.000 mah bán ngoài đường nhà. có ngày lòi mặt chuột. Mấy cục xạc dự phòng li po mắc và bền hơn nhiều",1
chất lượng sản phẩm kém không giống như mô tả,0
giảng viên này cứ như thể không biết chuyên môn của mình,0
những người như thế này tử hình,0
chất lượng vải kém ko như hình,0
agribank thu nhập bằng phong phì thì bố thằng nào biết được mà cập nhật,0
giao hàng cũng rất nhanhmình sẽ mua ủng hộ thêm,1
áo này phải gọi là áo nam chứ k thể là unisex được,0
tốt dịch vụ rất tốtdù thời gian giao hàng còn chậm nhưng cũng tạm ổn,1
tôi rất tự hào khi có được sự hỗ trợ và giảng dạy từ thầycô,1
vải mỏng dính,0
thầy giảng rất sinh động và hài hước khiến học viên không cảm thấy buồn chán,1
các phòng giải trí như karaoke bida bóng đá phục vụ cho sinh viên,1
tôi cảm thấy đầy đủ kiến thức và kỹ năng để phát triển nghề nghiệp sau khi tốt nghiệp,1
khu vực ăn uống của trường rất sạch sẽ và tiện lợi,1
vải hơi mỏng ạ,0
bài giảng của giảng viên rất nhạt nhòa,0
thầy kiên trì đến cùng trong việc giúp chúng tôi thành công trong học tập,1
mà rộng quá k mặc vừa,0
màu rêu mà lên xấu quá :,1
hàng k giống như hình lắm ak,0
màu hồng hơi tối,0
giảng viên dạy không tốt và không thân thiện,0
chị ấy là người luôn đưa ra những lời khuyên xây dựng và có ích giúp em hoàn thiện bản thân,1
nhìn size số kg đặt mà rộng mênh mông shop ơi,0
"Chỉ thích bbos, bb chạy android bây h giống như Apple sxuat tivi. BBos kho ứng dụng nghèo nàn nhưng độ ổn định cực tốt, tại sao không bỏ tiền ra phát triển cái bbos mà phai chạy theo cái hdh mở lởm chởm, chắp vá, được cái trực quan, dễ phát triển tý chứ android ngốn ram, ngốn đủ thứ,virus hoành hành. Android giống như lắp 1 chiếc xe đồ chơi chỉ có 4 cái bánh còn phần trên ai muốn lắp gì cũng dc, được nhiều nguời thích vì nó thị hiếu, gần giống như nhạc của Sơn Tùng MTP. Đó là ý kiến cá nhân.",1
áo hơi chật màu giao không đẹp không giống hình đăng đã chọn,0
họ rất cởi mở và dễ tiếp cận,1
đáy quần may chỉ thưa có chỗ bị bung,0
đóng gói sản phẩm rất kém túi bên ngoài thì bị rách hết,0
chuột mà làm như người vậy ít hôm nó gặm cả rắn cả dây thì thấy mẹ,0
giá rẻ so với chât lượng,1
quá ngắn cho với ảnh !,0
vải tệ qá :unamused_face::unamused_face:,0
áo đẹp nhưng hơi mỏng,0
tuy có chút lỗi nhỏ nhưng áo khá ưng ý,1
thầy rất nhiệt tình và tạo ra một môi trường học tập yêu thích,1
em thấy cô là một người rất tự tin và có tinh thần đội nhóm tốt,1
gói hàng cẩn thận chắc chắn,1
vải lót phía bên trong bị vểnh ra một xíu nơi cổ áo,0
cám ơn shop nha,1
giảng viên này rất khó nghe lý giải rất khó hiểu,0
các phòng học ngoại ngữ của trường đều được trang bị âm thanh và máy chiếu tốt giúp tôi học tiếng anh hiệu quả hơn,1
yêu shoppp,1
chuẩn đầu ra của chương trình quá cao không khả thi cho sinh viên đạt được,0
chất lượng sản phẩm rất kém đóng gói sản phẩm rất kém shop phục vụ rất kém rất không đáng tiền thời gian giao hàng rất chậm,0
sai bảng màu mắt shop nha,0
cuộc sống thật chua cay với tao,0
áo đẹp vải hơi mỏng size xl nên hơi rộng,1
hàng chất đẹp đi êm,1
em thấy thầy rất hòa đồng và dễ thương giúp các em thấy thoải mái trong lớp học,1
tôi được học tập trong một môi trường đầy đủ các phòng thí nghiệm và các thiết bị hiện đại nhất,1
anh ta là người lười biếng nhất trong nhóm,0
áo đẹp lắm ạ,1
k đang tin cây chi em ơi,0
tồi tệ bóng đèn bị vỡ báo cửa hàng đổi cho vận chuyển gọi hotline thì báo lỗi hệ thống!,0
đồ điên,0
đau lòng quá,0
trịu like,1
chất lượng sản phẩm tuyệt vời đóng gói sản phẩm rất đẹp và chắc chắnmjnh dat 1 cai mau xanh den mak lai gjao mau do,1
hàng ko đẹp chất liệu thất vọng quá,0
hình áo tay lỡ mà nhận đc là áo cộc là sao?,0
hệ thống wifi của trường kém điện thoại và laptop bị gián đoạn khi kết nối wifi,0
con mèo khốn nạn dám bóp vếu vợ tao à :enraged_face:,0
thầy có kỹ năng tương tác tốt với học viên,1
thời gian giao hàng rất nhanh chấtlượngsảnphẩmổno,1
chất lượng sản phẩm tạm được shop phục vụ rất tốt đg chỉ hơi ẩu nhưng tóm lại hợp với giá tiền bn nào đg xem hàng trg thời kỳ 63k thì mua luôn đi nhé ko phải trần chừ rất đáng tiền vải mỏng,1
giày 1k thì như đồ bỏ,0
phải gọi là thun tăm thì đúng hơn là len tăm,0
rất ưng nhé shop!,1
tôi rất ấn tượng với sự tỉ mỉ và kiên trì của anh ấy,1
lấy size 40 ship cho size 39,0
giao hàg siêu siêu lâu,0
per tải thử cái này cho cún đi chị hay phết này,1
vận chuyển tốttới tay người dùng nguyên vẹn,1
gọi điện nói giao hàng đợi quài ko thấy rồi ghi lên đơn đặt hàng nói là gọi ko bắc máy mà mình có bắc máy mà đợi giao hàng muốn xỉu thời gian giao hàng rất chậm,0
hệ thống máy chiếu lỗi thường xuyên,0
áo vải dày dặn tốt mẫu y hình ship nhanh nhưng form áo quá rộng mình order size m mà rộng như cái mền ý,0
tôi thấy giảng viên này có thể giảng dạy mọi chủ đề một cách chuyên nghiệp,1
đây mới là công an của nhân dân việt nam cảm ơn bạn nhiều điều tốt đẹp hơn nhé vanew,1
tôi thật sự cảm kích vì giảng viên đã từng bước dạy tôi những kĩ năng cần thiết trong môn học,1
đã gửi cho shop đổi hàng,1
vừa rẻ lại đẹp nữa,1
thầy rất tôn trọng các quy tắc và luật lệ của trường,1
con cháu việt nam nhục nhã vãi,0
cam on shop m tiep tuc ung ho,1
Đang dùng Note 5 Dual thấy rất tiện dụng vì cây viết rất tiện dụng cho việc đánh dấu và noted các file pdf và file hình. Chắc sẽ ổn định với e nó thêm 1 năm nữa.,1
shop nên để lỏng thôi,0
áo đẹp chất dày dặn hợp mặc mùa thu hàng giống hình,1
giảng viên của tôi quan tâm đến mỗi sinh viên và giúp họ trở nên tự tin hơn về khả năng của mình,1
măc ma vân đông gion vo thanh cuc,0
thầy luôn đưa ra feedback và gợi ý cho học viên để họ có thể cải thiện hơn trong học tập,1
cô ấy có sự đam mê và nhiệt huyết với công việc,1
mày nghĩ mày cản được tao à ? :,0
chất lượng sản phẩm tuyệt vời san phẩm tốt va nhe,1
kinh dị,0
cô ấy có khả năng thuyết trình và trình bày tốt,1
k nhăn,1
lần đầu tiên feedback ảnh do quá ưngđúng tiêu chí ngonbổrẻ:face_with_tears_of_joy:,1
màu vàng xẫm không tươi như trên hình mặc lên tối da,0
ngồi suy nghĩ 1 hồi xem trái hay phải rồi mới nói được khổ vãi mà !,0
chất hơi xấu mầu hơi đậm so với ảnh,0
cậu bạn này rất có sức hút với đối phương,1
khu vực ăn uống và giải trí của trường quá nhỏ gây khó khăn cho việc trả lời nhu cầu của sinh viên,0
cô ấy chỉ quan tâm đến việc giành được thành tích cá nhân mà không để ý đến sự phát triển của lớp học,0
cô ấy không bao giờ lắng nghe người khác và chỉ suốt ngày nói chuyện vô nghĩa,0
chất lượng sản phẩm tuyệt vời rất đẹp còn bền,1
form giống hình,1
chất vải dày dặn mặc lên đẹp lắm luôn!,1
hở ngực nhiều và xẻ sâu nên không mặc cùng áo lót thông thường được,0
rất thích,1
không giống trong hìnhnhưng nhìn cũng được,0
bạn ấy thường xuyên không giữ lời hứa và không thể tin tưởng được,0
các phòng nghỉ của trường không được sạch sẽ đủ tiện nghi,0
nt không nhắn lại,0
shop phục vụ rất tốt rất đáng tiền thời gian giao hàng rất nhanh rất ưng,1
đủ hàng,1
không có đủ chỗ ngồi trong khuôn viên thư viện,0
sử dụng ngon lành,1
coi mần cái mặt kìa trời :rolling_on_the_floor_laughing:,1
môn học này quá chi tiết và bao hàm quá nhiều thông tin,1
đã nhận được hàng ạ mà e quên không xác nhận,1
tao biết là có ý tốt gởi thông điệp ý nghĩa nhưng nhìn cứ sợ sợ lại còn sấm chớp :,0
học sinh được phát triển kỹ năng chuyên môn và kỹ năng mềm,1
baggy sz hơi nhỏ còn legging bị rách ở hai túi,0
vừa lên dốc thấy crush cười,1
hàng sử dụng rất tốt mà giá còn siêu rẻ,1
per cảm ơn tôi đi thấy tầm quan trọng của máy chém gió chưa,0
chương trình học đã giúp tôi phát triển sự tự tin và sự kiên trì,1
nó sẵn sàng kiếm cớ bỏ người đang quen để theo người có tiền nhiều hơn,0
cân nhắc !,0
phim này rất hay,1
thời gian giao hàng nhanh !,1
tay áo không có độ rũ,0
màu không giống hình,0
mong shop nhiệt tình hơn vs khách để khách k cảm thấy bị bùn,1
có 10 cho luôn 10 ạ,1
đeo kích chân,0
hệ thống máy photocopy và in ấn của trường rất tiện lợi,1
tao đau lòng quá,0
trong tầm giá là quá tuyệt,1
lần đầu mua shop giao nhầm màu đã gửi lại cho shop đang đợi hoàn tiền,1
tôi được học các kỹ năng cần thiết để suy nghĩ và hành động theo hướng bền vững,1
quần với áo chất vải ok,1
sản phẩm không giống như trong hình,0
các khu vực tập thể dục và thể thao trong trường rất đa dạng và thuận tiện,1
đã vậy ăn chặn hàng của khách ko trả,0
đóng gói sản phẩm đẹp và chắc chắn thời gian giao hàng nhanh,1
chương trình đào tạo giúp tôi có cái nhìn sâu sắc và cụ thể về các lĩnh vực chuyên môn mà tôi quan tâm,1
mình nhận thấy hình như ông ấy đang rất đau khổ mà không thể or không muốn nói ra,0
áo vải tốt chắc,1
các giáo trình hỗ trợ cho các chứng chỉ nghề nghiệp quốc tế,1
thầy có tinh thần trách nhiệm cao và chú trọng đến kết quả học tập của sinh viên,1
san phẩm đẹp dáng chuẩn,1
trên bao bì ngoài gói hàng cung ko thấy ghi thông tin đơn hàng mấy chiếc bt sẽ có và có cả số kg luôn cơ,0
giao hang nhanh măc du ngong moi cô shop nhiêt tinh đong goi chăc chăn san phâm đep con chât lương chưa dung nên chưa đanh gia,1
form không đẹp,0
chờ đợi quá lâu,0
giao hang chamhang k dung size,0
sống chậm lại và yêu thương nhiều hơn các bạn ạ,1
m mua 2 cái cùng size nhưng áo này hơi rộng xíu,0
cho chừa cái thói chạy xe khôn lõi,0
con cháu thằng nào ra đường mà không dạy thế,0
hàng rất đẹp đóng gói sản phẩm chắc chắn shop phục vụ rất tốt thời gian giao hàng rất nhanh tks shop,1
mặc k thoải mái,0
cô ấy không tôn trọng sự riêng tư của người khác và hay can thiệp vào chuyện của họ,0
shop giao hàng thiếu và đã gởi cart dt trả,0
giao hang nhanh nhung ao thi chi co e ne 15 tuoi mac chu nguoi lon kg mac suoc qua nho so voi xl mau khac,0
ôi đời vẫn là chịu không nỗi đời mà chán,0
xong bỗng nhiên một ngày mất hút không để lại 1 hạt bụi,0
"Mình cũng đang sở hữu một em Z3 chính hãng, dùng được 1 năm 1 tháng đã kịp đi bảo hành hãng 2 lần, hiện tại đang nằm ở hãng lần thứ 3 mặc dù mình bảo quản máy rất cẩn thận. Khuyên bạn nên cân nhắc kỹ lựa chọn của mình.",0
hàng mới nhận váy đen bị rách 1 ít ở phần cổ tay chịu khó may lại chắc cũng ok,0
lần đầu tiên mua shoppe mà bị lừa như vậy,0
chất lg sp k đáng tiền,0
"Nếu đúng thế thì tôi sẽ tạm chuyển xài samsung xem sao, năm nào cũng mua iphone nhưng nhìn thiết kế này thấy apple như đang hiếp dâm những khách hàng trung thành của mình",0
Ôi dẹp đi. Mua bảo hành quanh năm. Y541 bực,0
nhưng ít ra k nên để tiêu đề và mô tả sản phẩm như vậy,0
chất lượng sản phẩm tuyệt vời shop phục vụ rất tốt,1
mặc được,1
mình nhỏ thử hôm qua và hnay đã ko thấy rận rồi khá là thần kì,1
họ là một người kiên nhẫn và có thể giúp đỡ người khác trong vấn đề khó khăn,1
cậu ta toàn gây rắc rối với mọi người và lại còn không thể hỗ trợ được ai cả,0
ngày tao chia tay tao khóc quá trời luôn,0
áo vải mỏng đường may ko đẹp cổ tim bị lệch,0
khu vực gửi xe của trường rất an toàn và chắc chắn,1
độ khó của các bài kiểm tra quá cao sinh viên khó đạt được điểm cao,0
mặc rất ôm,1
giảng viên không đưa ra giải thích rõ ràng,0
form cũng ko rộng lắm đâu n áo đẹp,1
khuôn mặt đậm chất giải trí :slightly_smiling_face:,1
thầy rất thân thiện và cung cấp những tài liệu học tập rất hữu ích cho học sinh,1
sao có thể ngây thơ đến vậy được nhỉ,0
thầy rất thân thiện và dễ thương,1
nhẹ ko rít mặt rất mỏng thoáng nên làm kem lót trang điểm ok ko bị dày bịch như các kcn khác,1
sản phẩm đẹp và cách shop tư vấn rất nhanh và nhiệt tình!,1
size áo ngắn quá k dài như ảnh còn chưa tới đầu gối nữa,0
m báo lấy xxxl gửi cho m có xxl,0
chất lượng sản phẩm tuyệt vời hop phục vụ tận tình,1
có cả chiêu của per trong đấu trường thú nè :,1
rất không đáng tiền chất lượng sản phẩm rất kém còn nguyên 1 khúc vải thừa cánh tay,0
mau thi giong hinh nhug hog dep nhu hihnoi chug chi dc 50 phan tram trog hih thui,0
nt đổi mẫu khách chưa đồng ý mà tự đổi,0
còn được shop tặng quà nữa,1
làm ăn quá tệ,0
giảng dạy không đúng với kiểu học tập của sinh viên,0
các khu vực giải trí và nhà hàng ăn của trường đều rất tuyệt vời giúp cho sinh viên không chỉ học tập mà còn có những khoảng thời gian thư giãn và vui chơi cùng bạn bè,1
áo mỏng quá,0
bán hàng gì kì v trời đồ mấy chục mà như trăm mấy :vải đẹp dày dặn tư vấn đúng sz lần sau sẽ mua tiếp,1
giảng viên của tôi là người khó chịu nhất mà tôi đã từng gặp,0
các giáo viên không tạo ra môi trường học tập tốt cho sinh viên,0
lấy 12c mà giờ k dám giao cho khách,0
ngại gì thế vừa nhanh vừa tiện,1
dat xám gjao xahthất vọg về sp,0
trời vừa mở nút là thế này rồi,0
chất liệu vải thì ok,1
tôi không cần phải đi xa để tìm kiếm một phòng học trống phù hợp để học tập,1
giảng viên này không có khả năng đánh lừa sinh viên của mình,0
chất lượng sản phẩm tuyệt vời đóng gói sản phẩm rất đẹp và chắc chắn shop phục vụ rất tốt rất đáng tiền aex ủng hộ shop lâu dài,1
hàng như hình mỗi tội giao hàng quá lâu,1
các mày trốn đi bọn chủ tịch đang đến kìa :fearful_face::fearful_face::fearful_face:,0
anh ấy là một người có tinh thần đội nhóm rất tốt,1
chất lượng vải tuyệt vời áo rât đẹp,1
giao k đúng hàng thu thêm tiền mà k thông báo vs khách hàng,0
màu cực xinh luôn nhé :smiling_cat_with_hearteyes: giày đi êm chân nh hơi kích dù đã chọn đúng sz bản thân hay đi :downcast_face_with_sweat: các bạn hãy đặt đi k đâu bán rẻ như chị lày đâu khi đặt hàng các bạn nhớ tăng lên 1sz nha :ok_hand_light_skin_tone: chất da mềm nhẹ nhàng :red_heart::red_heart::blue_heart: bao giờ giày hỏng sẽ đặt tiếp :seenoevil_monkey::hearnoevil_monkey:,1
chất lượng sản phẩm tốt shop phục vụ khá tốt,1
có một số đồng nghiệp của tôi luôn tìm cách khoe khoang và tỏ ra cao quý hơn người khác,0
tao cũng đang là con ghẻ của tạo hoá,0
áo đẹp lắm shop ơi,1
nhưng thời gian giao hàng rất rất lâu,1
thấy không có gì hấp dẫn,0
chương trình học rất đầy đủ và thú vị,1
vai ao xau vo cung hoi han da mua :loudly_crying_face::loudly_crying_face::loudly_crying_face::loudly_crying_face::loudly_crying_face: dung la mua lam ban ko lam,0
giảng viên không thực sự có kinh nghiệm trong lĩnh vực bạn muốn học,0
học phần này quá cũ và không còn phù hợp với thực tế,0
chất lượng sản phẩm tuyệt vờisản phẩm như hình vải mát đường may cẩn thận,1
mặc đi chơi không được mặc ở nhà cũng không xong,0
giao hàng lâu!,0
bảo thẳng luôn dân việt nam nghèo còn bày đặt không biết quý đồ ăn là gì nói thì lại tự ái quay ra đôi co,0
bộ cứ thân là ở với nhau đuợc à ? sai lầm vãi,0
bạn của tôi là một người có tình yêu với ngôn ngữ và luôn cố gắng học tập các ngôn ngữ khác nhau,1
per cần thêm những trái dâu xinh xắn để ngăn chặn sự u ám này huhu,0
đệm mỏng,0
giầy k có nơ như hình,0
giao hàng lâu wa,0
có cái hôi mùi tẩy quá giặt 2 3 lần vẫn còn mùi,0
cô ấy là một người rất sáng suốt và có tư duy logic tốt,1
anh ấy hay trì hoãn việc hoàn thành công việc,0
giáo viên rất thân thiện và có tâm trong việc truyền đạt kiến thức,1
thầy rất thân thiện và dễ tiếp cận,1
đóng gói sản phẩm rất chắc chắn và đẹp tuy nhiên hàng giao không đúng như hình chất lượng qua kém đặt hàng 10mm nhưng nhận hàng rất mỏng được 6mmkhông đúng như quảng cáokhông đáng tiền,0
thầy giảng dạy rất truyền cảm hứng và động viên sinh viên cống hiến cho việc học tập,1
mọi người có thể yên tâm ủng hộ shop này,1
mỏng te,0
ống tay áo trắng may chật quá,0
chọn size lớn qá nên mặc hơi rộng,0
các thiết bị thể dục thể thao của trường này thiếu hụt không đáp ứng nhu cầu,0
sản phẩm đẹp ổn chắc chắn mà lại rẻ hơn so vs mình mua ngoàí shop đắt mà mặc chưa đc 1 hôm đã đứt khuy,1
nói năng kiểu mỉa mai khách hàng,0
huhu đéo muốn đi học đâu,0
đóng gói sản phẩm rất đẹp và chắc chắn đóng gói sản phẩm rất đẹp và chắc chắn rất đáng tiền thời gian giao hàng rất nhanh chất lượng sản phẩm tuyệt vời,1
các phòng học được trang bị máy chiếu hệ thống âm thanh giúp sinh viên dễ dàng tìm hiểu bài học,1
nhà vệ sinh số lượng đủ sạch sẽ,1
thầy này có khả năng xử lý tình huống rất tốt,1
chất lượng sản phẩm tuyệt vời đóng gói sản phẩm rất đẹp và chắc chắn shop phục vụ rất tốt và nhiệt tình thời gian giao hàng rất nhanh mỗi tội áo hơi nhiều chỉ thừa nhưng cx ko sao rất đáng tiền,1
thầy cô này có kỹ năng chuyên môn tốt và biết cách tạo ra bài giảng động lực,1
size áo ko đúng lắm,0
tôi rất thích sân bóng đá và sân cầu lông tại đây đều rất rộng và được trang bị đầy đủ các thiết bị,1
quy trình giảng dạy có một số thiếu sót đáng kể,0
phòng thí nghiệm bẩn và mất vệ sinh nghiêm trọng,0
lân sau mong shop chu y hơn,0
hàng kém chất lượng ko chấp nhận đuọc,0
mong sẽ hết liệu trình sẽ giảm đc về số cân mong muốn hihi,1
thầycô cho sinh viên tham gia nhiều bài tập và đề thi giúp nâng cao kiến thức và kỹ năng,1
thằng xy làm việc chậm như rùa,0
đặt mẫu bé trai size 5 thì giao 1 bộ của bé gái1 bộ size 4,0
đúng kiểu tham lam mà tài năng thì có hạn miệng thì bảo sợ ông vũ làm sạt nghiệp trung nguyên nhưng bản thân trước đó lại làm lỗ của công tình yêu 1700 tỉ mụ đàn bà mặt dày,0
sản phảm sứng đáng vs giá tiền,1
"Quá đẹp, con này tầm 8tr là xúc liền...",1
lần đầu tiên trong đời thấy cái khăn tăm mỏng như vậy,0
trường thiếu nhân viên giúp việc,0
kiểu cọ và form áo ở ngoài nhìn k thích lắm,0
bạn của tôi là một người hết sức năng động và hoạt bát,1
giáo viên rất chuyên nghiệp và dành nhiều thời gian để giúp học viên hiểu bài tốt nhất,1
chương trình đào tạo rất đa dạng và quy mô giúp tôi phát triển nhiều kỹ năng mới,1
thư viện của trường có khá nhiều tài liệu quý giá giúp cho việc học tập hiệu quả hơn,1
chương trình đào tạo với nhiều tùy chọn kết hợp giữa các môn học,1
tạo điều kiện cho sinh viên có thể được giảng viên hỗ trợ,0
phòng học rộng rãi thoáng mát,1
bạn của tôi có tính cách hài hước và luôn làm mọi người vui vẻ,1
giảng viên này cũng không hề quan tâm đến các điểm yếu của sinh viên nên thông tin được cung cấp không chính xác,0
giáo viên luôn sẵn sàng giải đáp các câu hỏi của sinh viên,1
shop phục vụ rất tốt đóng gói sản phẩm rất đẹp và chắc chắn shop phục vụ rất tốt thời gian giao hàng rất nhanh,1
giáo viên không hỗ trợ đánh giá cho năng lực của sinh viên,0
chương trình học rất thực tế và phù hợp với yêu cầu của thị trường lao động,1
vải bi đổ long,0
mặc đã hơn mấy áo 2 trăm ngàn e mới mua :face_with_tears_of_joy:,1
anh luôn nghĩ thế giới này không có gì đáng sợ cho đến khi anh không còn thấy em nữa,0
không giống như trong hình,0
quần chất mềmkhá rẻ và ok,1
binh sua rất ok ạ,1
hàng y hình mà nhận hàng thì áo hơi dơ,0
họ có tài năng và khả năng làm việc nhóm tốt,1
cái tháng học sấp mặt luôn,0
sinh viên này chỉ tập trung vào việc giành chiến thắng mà không bao giờ suy nghĩ đến hậu quả,0
đóng gói kĩ chủ shop dễ thương nail mẫu đẹp,1
haizz,0
nó bỏ mình đi rồi mỗi lần nghĩ tới nó ôi sao mà xót tim gan hơn mất người yêu,0
bộ cuối nhìn đau lòng thật :,0
chất lượng sản phẩm tuyệt vời nhưng có đều hơi mỏng,1
giảng viên này rất dễ tiếp cận và nhiệt tình trong việc giúp đỡ học sinh,1
cô ấy thường xuyên làm gián đoạn lớp học vì cười cợt hoặc nói chuyện phiếm,0
thầycô giảng bài rất rõ ràng dễ hiểu và lồng ghép nhiều hình ảnh minh họa để giúp các bạn học tập tốt hơn,1
cậu ấy rất dễ gần và dễ thương,1
hệ thống điện lạch cạch gây khó chịu khi học,0
cô ấy khá lười biếng và hay trì hoãn công việc,0
trường thiếu sự cam kết và đồng hành với sinh viên trong việc đáp ứng nhu cầu của họ,0
trường không chú trọng đến việc thi công và bảo trì cơ sở vật chất,0
tao bực mày lắm rồi đấy,0
trên tuyệt vời luôn ạ,1
emcô là người luôn đồng hành và hỗ trợ tôi trong hành trình học tập,1
dễ thương vậy,1
tôi cảm thấy không biết bịt miệng khi phải lắng nghe những lời nói từ một vài người khác,0
"Oppo đúng nghĩa hàng china, mã đẹp nhưng chất lượng kém",0
chủ shop nói chiện dễ thương,1
i appreciate the mix of theoretical and practical applications in the curriculum,1
chất lượng sản phẩm tạm được chất lượng sản phẩm tạm được chất lượng sản phẩm tạm được chất lượng sản phẩm tạm được,1
hmmm,1
tuyệt vời các bạn hãy cứ yên tâm mà mua nhé,1
cơ sở vật chất trường rất tốt có đầy đủ các phòng thí nghiệm hiện đại để học sinh nghiên cứu,1
lần đầu mua qao trên shopee lúc đầu thấy lo vì mk đặt 3 bộ liền mà chất lượng k ra j thì phí tiền,0
anh ta rất khó chịu trong khi làm việc nhóm và không chịu đóng góp ý kiến,0
nội thất trong phòng thực hành cũ kĩ không đủ chức năng,0
chất lượng sản phẩm tuyệt vời đóng gói sản phẩm rất đẹp và chắc chắn đóng gói sản phẩm rất đẹp và chắc chắn đóng gói sản phẩm rất đẹp và chắc chắn rất đáng tiền thời gian giao hàng rất nhanh,1
không có chữ,0
hàng đẹp nhưng giao nhầm size,0
chất lượng sản phẩm tuyệt vời 45kg mặc vừa khíchchất vải đẹp i hình rất đáng tiền nói chung không chê chỗ nào được hết các bạn cứ yên tâm mua nhésẽ ủng hộ shop lần sau,1
hàng free size nên ai khung ng to mặc ko đẹp lắm,0
đóng gói sản phẩm rất đẹp và chắc chắn rất đáng tiền rất đáng tiền thời gian giao hàng rất nhanh:face_blowing_a_kiss::face_blowing_a_kiss::face_blowing_a_kiss:,1
các phòng thực hành của trường được trang bị đầy đủ trang thiết bị giúp sinh viên có thể thực hành các kỹ năng cần thiết theo thực tế,1
sẽ ko ghé lại shop lần nào nữa,0
thái độ phục vụ kém,0
m đã note là màu trắng đen đỏ shop lại giao màu kem đen đỏ mình không hài lòng,0
có không gian riêng tư cho sinh viên để học tập và nghiên cứu độc lập,1
Dep qua,1
về mới giặc lần thứ 2 màu xanh pha màu hồng,0
sản phẩm chất lg xấu,0
chat luong kem khan mong dung la lua dao mua mot lan ko co lan 2,0
chất vải ổn nhưng mình 1m67 55kg mà mặc quần ngắn quá,0
"Làm con tissot 20t là cũng đẳng cấp với thời gian rùi, chứ chơi mấy anh công nghệ này được mấy hôm chán phèo, ăn với sạc, sau 1 năm thì chắc hết thời",0
áo ko rộng như hình mua màu trắng bị phai màu đỏ ra không mặc đươc,0
xin cảm ơn anh dũng,1
cảm ơn shop!,1
không gian học tập của trường này càng ngày càng thiếu sự ấm áp không có gì để tạo ra môi trường thu hút,0
phù hợp giá tiền sze quá rộng,0
tuy mình chọn sz rộng nhưng rất cute nha :heart_suit:,1
em ghét nhất loại này dính vào điểm mù của xe to thì ăn cức cụ ạ,0
đừng nên mua tại shop này,0
mua 3 cái 1 cái rách ngang lưng,0
mong lsau shop cẩn thận hơn,0
không có đầy đủ tài liệu và tài nguyên để học tập tại đại học này,0
mình rất ưng ý,1
size xl 73 kg mặc hơi chật,0
vui tính quá ? vừa kết bạn xong ?,1
mua con lợn 5 chục lì xì được có 40 nghìn mất thời gian tốn cả tiền bạc :face_with_tears_of_joy:,0
áo siêu đẹp vải cũng ok nữa:squinting_face_with_tongue:,1
chất lượng tốt so với giá tiền,1
màu trắng có vẻ chất dày dặn và mát hơn,1
hài lòng :red_heart:,1
chuẩn bị cho chim ăn cức,0
cơ hội để thực hiện các dự án và nghiên cứu,1
giáo trình quá đơn điệu và không khuyến khích sáng tạo,0
góp ý với shop đóng hộp carton thì tốt hơn,1
giao hàng nhanhshop vui vẻ,1
thầy giảng dạy rất hợp tác và tôn trọng ý kiến của sinh viên,1
không hài lòng với áo khoác này,0
hồi bé bị ngỗng dí hoài sợ vãi,0
sản phẩm đúng với thông tin đăng tải,1
ảnh áo dài mà gui áo ngắn tay,0
tôi không thể làm việc nhóm với người đó vì cảm thấy cô ấy không hợp tác,0
mình thich áo này,1
các cửa hàng tiện lợi của trường cung cấp đầy đủ đồ ăn và thức uống giúp sinh viên nạp đủ năng lượng,1
chất lượng chưa đc như kỳ vọng,0
áo không giống hình tuy nhiên phù hợp với giá tiền,0
emcô là người giúp đỡ tôi rất nhiều trong quá trình học tập,1
nghe lần 3 đéo thấy hay,0
tiền nào của nấy chất vải ngứa,0
đặt hàng 2 miếng giao chỉ 1 miếng,0
chất lượng sản phẩm khá tốt so với giá tiền shop đóng gói giao hàng khá nhanh sản phẩm y ảnh vải ổn với giá thành như vậy không giảm đòi hỏi j hơn :winking_face:,1
các phòng học và giảng đường không được bố trí hợp lý và gây ra sự khó chịu cho sinh viên,0
các bạn đừng dạy người giàu đặc biệt đàn ông cách khoan dung và của chồng công vợ qua bao nhiêu bài tìm hiểu chị vợ rất thâm ! tuy mình là phụ nữ nhưng đọc qua nhiều bài mới nể phục anh vũ và cảm thấy sự khinh bỉ đâu đó dành cho c thảo dù c tài năng đến đâu nhưng c tham thì thâm mọi người sẽ không bao giờ ủng hộ c,0
vải quá mỏng,0
áo đẹp mềm mịn độn vừa phải rất ưng,1
lol : dume nhảm nhí,0
shop đả nhiệt tình nt cho hay để chọn lại mẫu đổi lại cho khách,1
xấu tệ,0
mọi người yên tâm mua đồ ở shop nhé :red_heart: thời gian giao hàng cũng nhanh nữa,1
chất lượng sản phẩm tạm được chất xấu và nóng,0
trường luôn đáp ứng đầy đủ nhu cầu học tập của sinh viên bằng việc đầu tư và nâng cấp cơ sở vật chất,1
dù chất lượng có tốt thế nào đi nữa mà cách làm việc thế này thì mình xin cho 1,0
em chân thành nên em tổn thương,0
áo nhỏ so với ảnh,0
trường có nhiều phòng giải trí giúp tôi giải stress sau thời gian học tập căng thẳng,1
sp đep,1
chương trình học quá tập trung vào lý thuyết không có sự áp dụng thực tế,0
vệ sinh của trường thường xuyên bị lãng quên và không được giải quyết kịp thời,0
quá đỉnh,1
loại gì,0
ngon!,1
anh ấy rất thân thiện và luôn tạo một môi trường thân thiện cho mọi người,1
nhưng mà tay áo không đồng đều cho lắm ạ,0
chương trình học không có bối cảnh thực tế sinh viên không biết chúng có liên quan gì đến công việc sau này,0
túi rác rất dai dùng thích,1
mua màu xanh hơi tối k giống ảnh hy vọng ra nắng sẽ sáng hơn,0
màu đẹp nhưng mặc rất giãn,1
chất ko đẹp cho lắm,0
chất lượng sản phẩm rất kém!,0
shop phục vụ khá tốt nhưng một khuy áo bị bung!,0
mũ nôg,1
đang trong lớp mà ứa nước mắt,0
mình up hình từ video 1 hình chụp sau khi sử dụng 1 hình trên mang họ chỉ so sánh thật giả,0
đóng gói kỹ và shop thân thiện,1
số lượng sinh viên quá đông không có đủ cơ hội để thảo luận và hỏi đáp với giáo viên,0
phòng học không đủ để phục vụ các lớp học cùng một lúc,0
thầy giảng dạy rất sáng tạo và đa dạng trong phương pháp giảng dạy,1
những môn học không cần thiết với ngành học của mình được đưa vào chương trình,0
nghe gọi hoặc chơi game thì max to nghe tạm ổn haha,1
chia buồn với gã lưng gù :sad_but_relieved_face::crying_face:,0
nghe tên vietcombank là bao nhiêu quá khứ bực mình ùa về,0
tôi thấy chương trình học của trường giúp tôi phát triển mối quan hệ xã hội và kỹ năng giao tiếp,1
ăn hết sẽ tiếp tục ủng hộ,1
thạ timmmmm đùa tao yêu mặt nó lúc ôm đầu vlllll xinh quá con ưiiiiiiii,1
chất lượng sản phẩm tuyệt vời đóng gói sản phẩm rất đẹp và chắc chắn hơi to nhưng hàng oke,1
nói thế cũng ngửi được,0
màu k giống hình đậm hơn nên nhìn già,0
hàng chất ok thời gian giao hàng rất nhanh,1
size l vs size m bằng nhau,0
shop tư vấn size s tưởng bé mà vẫn thoải mái lắm luôn,0
giá tốt,1
tắm gội ko thích lắm,0
chất liệu rất nóng,0
dù đặt 4 đôi 1 lúc,0
chất lượng sản phẩm tuyệt vời shop phục vụ rất tốt thời gian giao hàng không được nhanh cho lắm nhưng vẫn ok,1
thầy rất thú vị và truyền đạt kiến thức một cách rất sinh động,1
rõ ràng đặt máy red bubee mà giao hàng gì k biết,0
gói hàng làm hư méo mút trong bra!,0
tôi đã trải qua nhiều khó khăn vì phải tự sửa chữa và bảo trì các thiết bị để sử dụng trong học tập và nghiên cứu,0
nhầm size,0
sạc dự phòng hộp đã cũ và bị bóc tem từ lâu !,0
đặt áo xong mấy đứa bạn cùng phòng rộn ràng đặt mua theo,1
đóng gói bị móp chút đặt 2 màu hồng và đỏ củ thanh anh đẹp được tặng kèm viên nén ươm nhưng chưa dùng tới đợi một thời gian xem sao đã,1
xem ra giá cả và chất lượng mà không oke thì không ổn,0
người bạn học của tôi là một người có sức ảnh hưởng lớn và luôn đem lại tinh thần tích cực cho những người xung quanh,1
hàng tốt thái độ phục vụ chuyên nghiệp,1
quan qua rong kg duong voi so ky,0
túi đẹp vải cực mịn luôn!,1
ngu thì chết,0
họ là một người hết sức sáng tạo và luôn quan tâm đến những ý tưởng mới,1
thầy giáo của tôi rất thấu hiểu và luôn đưa ra lời khuyên được phản ánh rõ nét,1
hàng méo mó đóng gói kém,0
chất lượng sản phẩm tuyệt vời đường kim mũi chỉ sắc nét,1
chương trình đào tạo giúp tôi có được nhiều kiến thức cần thiết để chuẩn bị cho tương lai nghề nghiệp của mình,1
là mỗi buổi sáng thức dậy ta có thêm 1 ngày mới để yêu thương :red_heart:,1
nhưng mình mặc hơi chật ở bụng,0
cuc ky xau,0
quần đẹp đường may chắc chắn vải mịn quần đc đóng gói trong hộp nhìn rất sang,1
như lần trước áo đẹp khỏi chê,1
câu chuyện thật cục súc :,0
sẽ quay lại và ủng hộ shop dài dài:red_heart:,1
cậu ấy rất tự tin và có khả năng giữ được bình tĩnh trong những tình huống khó khăn,1
bị lan màu,0
sẽ mua thêm 1 em nữa ở shop,1
facility tại đây rất đầy đủ và chất lượng giúp cho tôi có thể tập trung vào việc học tập và nghiên cứu khoa học,1
đầm phù hợp với giá tiền mặc ai cũng bảo sexy quá :face_with_tears_of_joy:,1
trường đại học của tôi có nhiều khu vực thể dục thể thao giúp sinh viên đạt được thể lực tốt,1
có điều nhìn ngoài túi nhỏ hơn trên hình với dây đeo không giống,0
chất nóng lắm shop ơi,0
bạn đó quá ngạo mạn và chỉ nghĩ đến mình,0
đó là lý do tao chỉ muốn điện thoại là phương tiện liên lạc không phảu phương tiện chứa đựng bí mật,0
nhưng đặt màu đen lại giao màu xanh,0
chất lượng sản phẩm không tốt như mong đợi,0
i feel that the curriculum is flexible enough to allow students to pursue their interests,0
khuôn viên trường được bố trí rất đẹp với các cảnh quan thiên nhiên tươi đẹp giúp sinh viên có được không gian giáo dục và sống khỏe mạnh,1
vải dày dặn đẹp,1
ship nhanh,1
nhiệt tình,1
bán hàng 1kiu ship hang 1kiu vậy à,0
shop phục vụ kém,0
không hài lòng về chất lượng sản phẩm không hề giống như hình,0
áo sờ cũng hơi cứng ko đc mềm mịn cho lắm,0
đầm quá ư là xấu,0
dạy chậm chữa chẳng kịp học đầy đủ nội dung,0
chất lượng sản phẩm tuyệt vời nhưng bị lộn size rồi,1
dạy quá lý thuyết và thiếu thực tiễn,0
tôi cảm thấy rất vui khi được tham gia các hoạt động ngoại khóa giúp tôi giảm stress và đào sâu thêm kiến thức,1
giảng viên luôn thúc đẩy học sinh tự học để có thể phát triển tốt hơn,1
đi hành xác chẳng có cái vẹo gì : tao đi 1 lần tao cạch,0
hag ok lam nhug co cai no hoi bi loi xiu ma ko sao chj ah,1
thiếu sự thực hành và không đưa ra các bài tập thực tế để học sinh có thể áp dụng kiến thức được học,0
cô ấy có khả năng phát triển tốt trong lĩnh vực quản trị kinh doanh,1
chất quần mịn đẹpmình m6 47kg mặc size l vừa in,1
các phòng đọc sách và phòng học nhỏ được bố trí khắp trường giúp sinh viên có thể học tập và tập trung tốt hơn,1
chất lượng sản phẩm tuyệt vời đóng gói sản phẩm rất đẹp và chắc chắn đóng gói sản phẩm rất đẹp và chắc chắn đóng gói sản phẩm rất đẹp và chắc chắn shop phục vụ rất tốt thời gian giao hàng rất nhanh,1
tôi nói với các ông nhé dắt bộ qua chốt cũng chưa chắc ngon ăn per,0
sáp khử mùi thì dán nhãn hời hợt kiểu dáng cho có nhìn cứ như hàng fake ấy,0
sad cực mạnh,0
chất lượng sản phẩm tuyệt vời shop phục vụ rất tốt rất đáng tiền thời gian giao hàng rất nhanh shop gói hàng kém quá tới tay mình cái hộp rách toạc ra rồi,1
giày đẹpêmmềm cơ mà giày bị buộc bằng dây nên hơi mất form,1
họ thường xuyên cập nhật các thông tin mới nhất về chủ đề học,1
chị ấy không kiên trì trong việc đạt được mục tiêu của mình,0
mua lần 2 thuốc uống không mệt,1
phải người vô ý thức đành rằng người ta làm kiếm tiền nghề gì cũng là nghề mình phải biết tôn trọng người khác có tôn trọng người thì người mới tôn trọng mình kể cả người ta đi ăn xin mình cũng cho đoàng hoàng chứ không thể cầm tiền quăng cái víu vào người ta được,0
chất khá hơn áo đen,1
xinh nạ :kiss_mark::kiss_mark:,1
cô ấy không bao giờ nghĩ đến cảm giác của người khác và chỉ lo lăng cho mình,0
không phải không thích mà bản thân chưa đủ tốt để sánh vai phải chi anh có thể đợi em khôn lớn !,0
ao xâu,0
không khí trong lành môi trường học tập tốt giúp cho sinh viên học tập và rèn luyện tốt hơn,1
chất liẹu tạm đckiểu cũng tạm đc so với hình,1
shop phục vụ rất tốt thời gian giao hàng rất nha,1
i found the curriculum to be engaging and thoughtprovoking,0
bạn của tôi rất tỉ mỉ và có thể hoàn thành công việc rất tốt,1
shop tự lấy kéo cắt nên áo quá ngắn,0
sẽ ủng hộ dài dài,1
các hoạt động ngoài giảng đường được tổ chức ít và không đa dạng,0
đường chỉ may không chắc,0
chất xấu,0
chất lượng sản phẩm rất kém đóng gói sản phẩm rất đẹp và chắc chắn shop phục vụ rất tốt rất không đáng tiền rất không đáng tiền thời gian giao hàng rất nhanh,0
mặc không nâng k ôm đệm rất rất mỏng,0
shop phục vụ ok,1
một lần mang bệnh tức khi k bt cách trả hàng bán giá trên trời giao toàn hàng đểu thua đồ tui mua ngoài chợ ba cái một trăm ngàn shop lừa đảo treo đầu dê bán thịt chó mọi ng chú ý shop này nên tránh xa,0
vải tốt,1
chị ấy có cách suy nghĩ sáng tạo và luôn đưa ra ý tưởng mới giúp dự án của nhóm thêm phần đa dạng và thú vị hơn,1
chương trình dao động đúng với xu thế thị trường lao động giúp tôi có được cơ hội việc làm tốt hơn sau khi tốt nghiệp,1
shop phục vụ quá kém,0
toàn để báo nó giật tít không thèm đọc cả bài rồi giãy nảy lên như đỉa phải vôi,0
nhắn tin k thấy trả lời,0
anh ta luôn phàn nàn về mọi thứ và không khéo léo trong việc giải quyết vấn đề,0
thế không tính vậy thì muốn cái bệnh viện thành mẹ cái bãi giữ xe à :,0
giảng viên rất dễ thương và luôn tạo điều kiện cho sinh viên học tập tốt nhất,1
Tôi thì chưa dùng đồ hw nhưng đã dungy xiaomi note 3pro ảnh chụp ảo tung chảo nói chung là chán moi mặt,0
chất lượng sản phẩm tuyệt vời hàng rất ok nha :red_heart: anh còn tặng 1 thanh ram nữa :smiling_face_with_hearteyes: cảm ơn anh rất nhiều :red_heart:,1
đôi khi công việc không áp lực nhưng chính môi trường làm mọi thứ trở nên áp lực,0
mình mới đặt sáng 511 chiều shop gửi hàng cho vận chuyển mà 10h sáng 611 đã nhận đc hàng,0
"Thấy cái ứng dụng vào việc đọc báo của bạn này hơi bị gượng gạo và hài hước. Với cái màn hình bé tí của aw thì việc đọc bài báo 100 từ cũng đã mệt mỏi rồi. Đưa cái việc đọc báo ra là để cố gắng nói cái lợi ích của nó chứ thực tế mình mở đt đọc cho sướng mắt chứ đọc trên cái aw làm gì? Bản đồ cũng thế. Rất khó khăn để nhìn đc và nhìn các vùng. Phải thao tác trên phone trước rồi chuyển sang nhìn đồng hồ. Khá rắc rối, đc cái ko phải cầm phone coi thôi. Nói chung là bài viết không phù hợp ở Vietnam. Có khi tiếng anh của bạn này chưa đủ để chém trên trang nước ngoài nên viết tiếng việt ở đây nên dịch và chuyển qua bên Mẽo để đúng với mục đích",0
các trang thiết bị trong phòng thí nghiệm của trường đều được bảo trì tốt đảm bảo an toàn cho sinh viên,1
per bếp lò xo huyền thoại của ngoại hay nấu nè,1
thầy rất cẩn thận và kỹ lưỡng trong việc chấm điểm làm bài tập của chúng tôi,1
giảng viên này không bao giờ đến văn phòng giáo vụ để giúp sinh viên đăng ký học phần,0
giảng viên rất cởi mở và dễ tiếp cận giúp các bạn sinh viên dễ dàng tiếp cận và học tập,1
chất lượng sản phẩm không như hình đăng bánkhông hài lòng chất lượng sản phẩm tuyệt vời đóng gói sản phẩm rất đẹp và chắc chắn,0
nách may bị lỗi,0
hình vẽ và chữ ko sắc nét,0
shop phục vụ rất tốt thời gian giao hàng rất nhanhchua đầy 1 phút la có the,1
chương trình học không đáp ứng được mong đợi của sinh viên,0
đóng gói sản phẩm rất đẹp và chắc chắn thời gian giao hàng rất nhanh shop phục vụ rất tốt rất đáng tiền chất lượng sản phẩm tuyệt vời,1
được cung cấp nhiều tài liệu học tập chất lượng,1
trường có đội ngũ giáo viên tâm huyết và luôn tích cực đổi mới phương pháp giảng dạy,1
ko đáng để mua hàng rất tệ,0
thời gian giao hàng quá chậm,0
các thí điểm và phòng thảo luận được thiết kế để trang bị công nghệ mới nhất phục vụ cho việc giảng dạy và học tập,1
hợp túi tiền :money_bag:túi sách okgiao hàng hơi lâu chút ạ,1
tuy nhiên vải hơi nóng,0
áo xinh vừa vặn luôn chất vải khó dão có điều hơi nóng xíu :,1
người ta luôn đánh giá cao sự nghiêm túc và đáng tin cậy của chị ấy,1
cũng muốn có những hành động đáng yêu nv,1
đường may chỗ quai trên hơn ẩu và lệch,0
mua rồi thì lại sale rẻ hơn,0
đang làm nhiệm vụ mà cứ léo nhéo thế nhỉ để cho cán bộ gọi về cho chỉ huy đi,0
siêu đẹp luôn nè :face_blowing_a_kiss::face_blowing_a_kiss:,1
sp k có size,0
trường có nhiều hình thức ưu đãi cho sinh viên về giá cả và chất lượng,1
khu vực canteen có nhiều lựa chọn thức ăn và giá cả phải chăng,1
cô giáo giúp kích thích tò mò và sự tài năng của sinh viên,1
áo chất hơi cứng,0
chất lượng giáo dục giảm sút đáng kể sau một thời gian ngắn,0
đóng gói sản phẩm không cẩn thận vỏ hộp nát,0
chuẩn kkk :beaming_face_with_smiling_eyes:,1
chất lượng hàng tạm ổn so với giá,1
nó mà nhập viện thì xong đời tao n :face_with_tears_of_joy::face_with_tears_of_joy:,0
giống hàng nhái vậy,0
hơi thất vọng,0
màu tối áo mẹ sz s quá rộng,0
em này xinh vãi các bác ạ,1
pi rach 1sp nt du koa online nhug ko tl,0
ko mặc nổi,0
giáo trình cung cấp cho các em nhiều kỹ năng mới và hiện đại,1
100k tưởng đẹp hơn nhg lại y hệt bộ 70k mình mua hx,1
mình đặt dài đỏ đen ngắn nhưng giao lộn thàng đen dài ngắn đỏ,0
tôi đã học được rất nhiều từ giảng viên và sẽ luôn cảm kích sự giúp đỡ của anh ấy,1
hành động đẹp,1
thầy đưa ra những ví dụ rõ ràng và thực tế để giải thích các khái niệm,1
ra sông mò đồng xu cùng ông anh hàng xóm được khoản kếch xù :,1
cậu bạn này rất đáng tin cậy và trung thực,1
gửi thiếu hàng nên k đáh giá dc,0
shoppe nên coi lại chọn người bán cho c9s kinh nghiệm chút,0
phương pháp giảng dạy trực quan và dễ hiểu giúp tôi nắm bắt kiến thức một cách nhanh chóng hơn,1
giảng viên này giải thích rất dễ hiểu và có thể lắng nghe và giải đáp đầy đủ câu hỏi của học sinh,1
app dùng chưa ổn lắm,0
tính ứng dụng cao của những kiến thức học được,1
chất lượng sản phẩm tuyệt vời đóng gói sản phẩm rất đẹp và chắc chắn shop phục vụ rất tốt rất đáng tiền thời gian giao hàng rất nhanh ưng lắm luôn nha shop :red_heart::red_heart::red_heart:,1
dày dặn nhưng giặt bị phai nha,0
dùng rất ok chỉ ko biết dùng liệu có lâu được ko thôi hì :grinning_face_with_smiling_eyes:,1
môn học dạy sinh viên tư duy phản biện và kinh nghiệm giải quyết vấn đề,1
quần lót giấy không phải màu trắng như hình,0
áo vải đẹp nhưng form nhỏ,0
the facilities are clean and wellorganized,1
chủ shop tư vấn nhiệt tình nói chuyện dễ thương,1
khóa học không có các bài kiểm tra phù hợp,0
màu sắc hợp thời trang bộ 3 túi thích hợp dùng trong nhiều dịp rất đáng tiền thời gian giao hàng rất nhanh,1
tôi đã thất bại nhiều lần trong việc nghiên cứu do không có đủ cơ sở vật chất và các thiết bị hỗ trợ,0
chị ấy rất thông minh và có khả năng giải quyết các vấn đề khó khăn trong công việc,1
giáo trình không đưa ra các ví dụ thực tế để giúp học sinh hiểu rõ hơn,0
7 thằng này không phải con người chúng mày ạ,0
giảng viên của tôi học quá khó và ít để lại phản hồi cho sinh viên,0
đóng gỏi sản phẩm được,1
dóng gói okcho 5 sao,1
học tập tại đại học này giúp tôi phát triển kỹ năng làm việc nhóm,1
tai nghe âm thanh rất kém,0
xin lô i chư tao te ma thă người lz camera quay câ n mă tao như thê thi tao đe o đa không đâu,0
cô giáo đã giúp tôi hiểu rõ hơn về môn học này,1
cô bạn học của tôi là một người rất tỉ mỉ và có kỹ năng làm việc chính xác cao,1
sẽ ủng hộ shop tiếp :smiling_face_with_hearteyes:,1
phạm vi wifi của trường này quá hẹp kém độ ổn định,0
mỗi tội ko thích màu lắm hic chọn be vàng nhưng nghiêng về vàng nhiều hơn lên hình sáng như be bthg vậy thôi chứ ở ngoài vàng đất rõ lắm shop tư vấn ok,1
tôi rất thích cách mà trường giúp sinh viên phát triển kỹ năng xã hội,1
giảng viên này là người có tầm nhìn cho tương lai và giúp sinh viên thấy được điều đó,1
chương trình học quá lý thuyết không có phần thực hành,0
chúc mừng các anh các anh giỏi quá chuc các anh mạnh khỏe,1
cảm ơn các anh tình nguyện viên,1
người đàn ông ốm đau nói với vợ mình : ở lại với anh rồi cầm tay bà đó là tình yêu vỏn vẹn 20 năm ngắn ngủi tình yêu bố dành cho mẹ,1
hàng giá rẻ sp đẹp,1
giảng viên này hay bình luận về học viên mà không có cơ sở,0
"Cấu hình chỉ có 1GB/2GB RAM, 16GB SSD thì không hiểu nó có thể làm được những gì? Cấu hình thua cả những Tablet cấp thấp cách đây 2 năm của Acer, Dell, Archos...",0
không có chỗ ngồi đủ cho sinh viên khi ngồi chờ trong các phòng đợi,0
shop như cứt ý,0
họ có khả năng đối phó với áp lực trong công việc và học tập rất tốt,1
đúng rồi còn quay quay lớ nga lớ ngớ xuống trách người ta có phải bãi xe tự phát đâu mà người ta dám làm láo,0
đem đổi lại dc size thì mình sẽ đánh giá lại sản phẩm,1
"Từ khi giới thiệu trên thị trường đã thấy yêu thích rồi, cũng muốn mua một cái nhưng chưa có cơ hội )) mà chiếc này có ai gọi đến thì có hiện lên đồng hồ không ?",1
anh ấy là một người kỹ sư tài ba có tư duy cao và khả năng giải quyết vấn đề,1
mua 3 sp chỉ nhận được 1,0
áo rộng và vải giãn tốt chỗ hổng để vạch cho con ti hơi to nên mặc có bị lộ chút bụng,1
thầy rất kiên trì và có phương pháp giảng dạy rất hiệu quả,1
bán hàng online hồi năm cấp 3 : tháng hè ấy đi quanh hạnh phúc để giao hàng với bố được lãi 4 tr :,1
per tập gym đi mày có người yêu đấyyyy,1
áo from rộng như ảnh,1
chương trình học rất hiện đại và phù hợp với nhu cầu của thị trường lao động,1
khác màu trong ảnh,0
mẫu mã đẹp,1
áo may lỗi và xấu,0
thầy giúp sinh viên hiểu được quan hệ giữa kinh tế và môi trường và những vấn đề về phát triển bền vững,1
"Vote cho e loa này 5*. Mua đc 6 hôm, mỗi hồm dùng tầm 1-2h volume to nhỏ đủ liểu vẫn chưa hết pin. Dù nghe nói pin có 1200 mah song công nhận lâu thật. Nghe to thì lo nhảy bùm bụp thấy hay hay song k thấy re (vã cũng chưa dám max volume xem rè k vì sợ rè song rồi k hết đc)",1
nhưng ống thì vặn vẹo,0
chất lượng sản phẩm tuyệt vời đóng gói sản phẩm rất đẹp và chắc chắn thời gian giao hàng rất nhanh chị chủ shop rất nhiệt tìnhdễ thương:red_heart:,1
đặt đen giao xanh,0
giá tiền hợp lý,1
đóng gói xấu!,0
bán không thu thuế luôn à,0
sp ok,1
mua lần đầu mà đã được tặng quà :beating_heart:,1
nó quan tâm mày vì nó muốn mua chuộc mày để tán con bạn thân của mày,0
tôi rất thích sự đổi mới của anh ấy,1
tks,1
đóng gói sản phẩm rất đẹp và chắc chắntốt,1
per nhớ quá trời nhớ luôn nè,1
đội ngũ giáo viên không đủ trình độ để giảng dạy các khóa học đòi hỏi cao,0
chất vải cũng tạm đượcmàu hơi trắng quá,0
t mua áo ko mặc dc mà còn bị nguoi bán chửi nữa đó mọi nguoi ơi,0
hàng không giống hình,0
đúng màu nhưng shop giao nhầm sai shop nên kt đúng size trước khi giao cho,0
khuôn viên xanh và sân tập của trường rất rộng rãi và đa dạng giúp cho sinh viên có thể tổ chức các hoạt động thể thao và sinh hoạt ngoài giờ học một cách tốt nhất,1
áo mặc lên dáng đẹp,1
nách áo hơi rộng,0
giảng viên không đủ sáng tạo để giảng dạy,0
sao shop k quấn nổi miếng xốp bong bóng quanh son cho nó đỡ hỏng hả shop : thân son xước từa lưa :,0
chất lượng sản phẩm tốt,1
không có sự đồng bộ giữa chương trình học và định hướng nghề nghiệp của sinh viên,0
chất lượng sản phẩm tuyệt vời mềm mịn,1
chất lượng sản phẩm tuyệt vời nhưng shop phục vụ kém quá,0
chất lượng sản phẩm rất kém ko hai long,0
áo đẹp nhưng vải hơi dày và hơi nhỏ,0
mình 61kg mà mặc xxl mèo vẫn vừa luôn,1
chj chủ dễ thương,1
các môn học được xây dựng rất khoa học và nghiên cứu,1
shop tư vân nhiêt tinh,1
áo khá đẹp,1
mua lần 2 nhưng đặt 1 cái shop gửi 1 cái khác,0
các quầy bán đồ ăn sinh hoạt hàng ngày đáp ứng nhu cầu của sinh viên,1
cô ấy thông minh và nhanh nhẹn trong giải quyết vấn đề,1
chất lượng sản phẩm tuyệt vời chất lượng sản phẩm tuyệt vời chất lượng sản phẩm tuyệt vời chất lượng sản phẩm tuyệt vời đóng gói sản phẩm rất đẹp và chắc chắn rất đáng tiền rất đáng tiền thời gian giao hàng rất nhanh,1
chua xem hàng cơ mà giao hàng nhanh quá,1
thôi tốt nhất là chịu thua đi thắng hay thua cũng đâu có được gì,0
các giảng viên luôn sẵn sàng chia sẻ kiến thức mới nhất đến với sinh viên,1
rộng thùng thình,1
thà chia tay rồi ghét hận nhau còn hơn là đang lúc dang dở thì mất nhau :slightly_smiling_face:,0
áo mỏng nhìn thấy được bên trong chữ bị nhoè,0
chất vải voan lụa chứ kp vải lụa,0
nhiều khu vực tại trường rất ồn ào và khó tập trung khi học tập,0
phần thực hành của giảng viên này thiếu công phu,0
thích chất vải đẹpmang êm và chuẩn form đầm nữ trễ vai chụp cưới siêu xinh,1
chat len ko dc dep,0
vải mềm ôm dáng đẹp,1
áo gì thun mỏng còn hơn giấy,0
dáng chật ko rộng như ảnh,0
quá ok,1
cô ấy không bao giờ tỏ ra sâu sắc khi nói chuyện với người khác,0
"Con nay dung wa dinh thiet ke rat mong va dep,nhin cuc pin 1100mah ma lau het khung dung nghe goi phai 3 ngay 3G thi mot ngay,minh cung dang dung mot con,da up Len android ban dl1 dung wa chat ,hang doc mua chu, may nay sim cua nha mang nao o vietnam cung dung duoc nha cac ban nao mua thi cu yen tam,may dung sim cat nhu iphone4,",1
đã nhận hàng không giồng hình lắm nhưng nói chung là được so với giá cả,0
cả đám súc vật này,0
ko hiểu sao nsx thiết kế mẫu mới lại xấu và mờ nhạt hơn mẫu cũ nhiều,0
trường có rất nhiều cơ sở vật chất tiện nghi giúp sinh viên có thể học tập và rèn luyện kỹ năng tốt nhất,1
"Hàng chính hãng, thiết kế đẹp, giá hợp lý nhỉ!",1
dùng 1 times đánh giá tiếp đóng gói sản phẩm rất đẹp và chắc chắn rất đáng tiền thời gian giao hàng rất nhanh gấm dẹp hơn ren giao đúng size màu shop phục vụ rất tốt mọi người ủng hộ shop này nhé,1
hay bị giật khô trên đó rồi :,0
đầm xinh lăm luôn giá hợp lí,1
giảng viên không sử dụng phương pháp dạy học đa dạng thực tế làm tôi cảm thấy nhàm chán,0
tôi không thích cách anh ta giả vờ chăm học,0
giống y hình thích thật,1
giao đúng đủ hàng,1
đóng gói sản phẩm chắc chắn giao hàng chậm,1
đóng gói sơ xài ko cẩn thận thùng bị rách tùm lum bị bể mất 2 bịch pha hạt é hơi nhiều :sad_but_relieved_face::sad_but_relieved_face:,0
giảng viên này không năng động và sáng tạo trong cách dạy học,0
thằng này con nhà cán bộ hay sao mà rớ con nhỏ này mà vẫn chưa đi tù ?,0
chất lượng ok chủ shop thân thiện,1
trường chuyên không có cơ sở vật chất tốt,0
nhìn như rẻ lau cái trắng thì form bé xíu 2 cái còn lại thì mn thấy r đó như 1 mớ rẻ lay chất lượng sản phẩm rất kém chất lượng sản phẩm rất kém đóng gói sản phẩm rất kém,0
tôi thấy khó chịu với những kẻ thấy ghét của người khác như cậu ta,0
shop đóng gói sản phẩm rất đẹp và chắc chắn shop phục vụ rất tốt thời gian giao hàng rất nhanh,1
dm con già mà hành xử trâu chó đời nó sẽ gặp báo ứng,0
màu cam đất như màu nâu luôn khá tối ko sáng như hình,0
họ làm việc với tinh thần đồng đội và hợp tác tốt với người khác,1
giáo viên này thường xuyên đưa ra các câu hỏi trái ngược với nội dung bài học,1
hơi dày,0
shop giao nhâm hang cho minh nhưng sau đo đa rep nhân lôi,0
chị ấy có khả năng đưa ra các quyết định chính xác và hiệu quả,1
so với giá thì quá ưng,1
trường có rất nhiều các chương trình sinh hoạt và hoạt động hữu ích cho sinh viên,1
màu tươi,1
kiểu dáng khác hẳn,0
chất lượng sản phẩm tuyệt vời eo ôi đẹp kinh khủng ưng kinh khủng luôn í :red_heart::red_heart::red_heart:,1
anh ấy thường nhắc lại những lỗi sai của đồng nghiệp khiến họ cảm thấy khó chịu,1
vải quần mịn dày,1
bạn của tôi là người rất thân thiện và dễ thương,1
giảng viên này không cập nhật kiến thức mới nhất trong ngành,0
"Nghe đâu hét tới 17tr hehe. HTC giữ xài nhá, sang năm bán tháo 5tr",0
thầy giảng dạy rất thông minh và có khả năng giảng dạy tuyệt vời,1
cô ấy luôn là cám dỗ của nhóm và không ổn định trong việc giữ trật tự,0
đóng gói sản phẩm chắc chắn chất lượng sản phẩm tốt,1
thời gian giao hàng nhanh form k đc đẹp lắm túi dài quá nên mặc bị lùn,1
shop gửi thiếu hàng lần 1 đặt 10c gửi đc 7c lần 2 đặt 8 cái gửi có 2 cái nhắn tin thì chặn tin nhắn:upsidedown_face: nhuốt hơn 500k cẩn thận ko nghẹn :face_blowing_a_kiss:,0
biết cho shop mấy sao đây khi áo không mặc được,0
rẻ thế này mà áo đc y hình,1
chất vải không được đẹp như những mẫu áo đã từng mua của shop trước đây,0
anh ta có tài năng năng động và luôn tạo động lực cho mọi người xung quanh,1
chất lượng sản phẩm tuyệt vời chất lượng sản phẩm tuyệt vời đóng gói sản phẩm rất đẹp và chắc chắn shop phục vụ rất tốt rất đáng tiền thời gian giao hàng rất nhanh,1
đơn giản là thấy họ cười :face_with_tears_of_joy::face_with_tears_of_joy:,1
shop giao còn thiếu 2 bộ lót giày cho mình nhé,0
áo trơn,1
áo chất đẹp thích hợp đi chơi giao hành nhanh nv tư vấn nhiệt tình!,1
sản phẩm có nhiều vết xước nói chung là cũng ổn,1
thầy giảng dạy rất nhẹ nhàng và đầy tình cảm,1
hàng đẹp cám ơn shop nhé,1
vải kh đẹp,0
shop có mua bán lại nửa giá,1
áo đẹp vải đẹp mặc rất mát,1
màu áo bên ngoài tươi hơn trong hình,1
chất vải mặc rất mềm và mát mỗi tội chát thì shop k trả lời tin nhắn thôi nhưng mà chất lượng sản phẩm tuyệt vời đóng gói sản phẩm rất đẹp và chắc chắn rất đáng tiền thời gian giao hàng rất nhanh,1
chất lượng sản phẩm tuyệt vời đóng gói sản phẩm rất đẹp và chắc chắn áo rất đẹp vải cũng đẹp sẽ ủng hộ shop nữa,1
con xe thần thánh chạy hơn 50 năm chưa nát,1
đóng gói sản phẩm rất đẹp như nhận được quà!,1
phim nay và phim triệu phú ổ chuột là 2 phim của ấn mà mình thích nhất,1
rất tiếc cho 1 bài quyền,0
quần khá là rộng kh được như hình,0
mức độ khó của bài kiểm tra phù hợp với mức độ đào tạo,1
chương trình đào tạo giúp tôi rèn luyện những kỹ năng quan trọng trong sự nghiệp của mình,1
dang tien,1
thật tốt vì chú chó ấy đã tìm được người yêu thương nó kiên trì để nó tin tưởng thật sự :,1
hệ thống thông tin và điều hành của trường thiếu sự minh bạch và chính xác,0
giảng viên này luôn tạo ra không khí học tập thoải mái và vui vẻ,1
hàng chuẩn y hình luôn,1
mong shop luon dc thuoc hieu qua nhu z hoai nha,1
chất lượng sản phẩm rất kém shop phục vụ rất kém shop phục vụ rất kém rất không đáng tiền,0
co giãn tốt thoải mái,1
áo đẹp nhưng dáng freesize nên hơi rộng,1
chất vải ok nhưng phần thun để giữ áo ở vai có bản nhỏ quá nên áo cứ bị tuột lên trên dù vậy làm thành áo croptop cánh tiên cũng ok,1
thành viên này không thể tập trung và thường xuyên mải mê những việc không liên quan,0
giảng viên luôn đảm bảo rằng chúng em hiểu và nắm vững kiến thức cần thiết,1
đồ còn lại thì đc nmà cái thái độ pvụ của shop thì chán quá hỏi 1 đằng trl 1 nẻo hỏi nhiều ý thì trả lời có nửa nhắn hỏi dài nthe mà trl có 1 dòng cụt lủn sai trọng tâm nhắn bày tỏ tđộ vậy rồi mà chả xl 1 câu,0
mặc lên đẹp nét,1
bạn ấy luôn là người lắng nghe và giúp đỡ mọi người,1
shop để hình hương hoa mà giao mùi gỗ cho mh chan thật,0
mua combo 10 cái mà giao có 9 cái,0
trường thiếu tài nguyên và hoạt động xây dựng phát triển kém,0
khi bạn thật lòng với ai đó nhưng người ta coi bạn như 1 trò đùa,0
giao hàng rất nhanh chất lượng ổn,1
thiệt hại cho việc học tập khi không có đủ ánh sáng trong phòng học,0
nghe có trà sữa là thích rồi,1
hàng đúng giá chứ ko phải hàng sale,0
cô ấy đánh giá công bằng cho các bài tập của sinh viên,1
quần áo chất liệu nhẹ mặc thoải mái,1
chất lượng sản phẩm tuyệt vời chất lượng sản phẩm tuyệt vời chất lượng sản phẩm tuyệt vời chất lượng sản phẩm tuyệt vời rất đáng tiền rất đáng tiền,1
khu vực xe đạp chưa được quản lý và không đảm bảo an ninh cho sinh viên,0
ko vua ý lắm,0
anhchị là người hướng dẫn tôi khám phá và phát triển tiềm năng của mình,1
thầy là một người giảng viên tận tâm và có khả năng giải thích rất tốt giúp cho sinh viên dễ hiểu hơn,1
mua 2 lần rồi lần nào cũng ưng luôn í,1
sản phẩm màu dễ thương,1
tôi cảm thấy không hề thoải mái khi chung phòng với những kẻ lười biếng như cậu ta,0
per tao được làm fan cứng giống mày rồi :rolling_on_the_floor_laughing:,1
không phải kiểu hình 1 đường mà sp 1 nẻo,0
chất lượng sản phẩm tuyệt vời nhưng mua về con lại ko chơi nên hơi buồnvẫn cho shop 5sao,1
giao thiếu,0
má gần nhà có nuôi 1 cặp ngày nào đi ngang nó nhìn thấy nó quay đầu bỏ chạy con gì mà dữ thấy mẹ hà,0
áo xinh lắm ạ,1
không có giáo viên không đủ bài kết nối,0
chất lượng sản phẩm tạm được ao hơi ngăn so vơi hinh,0
hồi nhỏ đi ngang nhà hàng xóm con quỷ này dí tao từ ngoài đường vô tới trong nhà tao nó vẫn không tha ba mẹ tao nghe tao la chạy ra chụp cổ nó quăng ra sân nó mới chịu đi ám ảnh tuổi thơ :grinning_face_with_sweat::grinning_face_with_sweat::grinning_face_with_sweat:,0
các trang thiết bị của trường quá cũ kỹ,0
k giog hinh,0
vải chất kém,0
váy lên form rất là đẹp thướt tha lắm,1
phải đối xử tốt với chính bản thân mình :,1
cũng tạm thôi miếng rửa ko giữ đc nhiều bọt nên cảm giác ko sạch cho lắm,0
à còn có thể loại con trai cắt tóc xong rồi tự soi gương xong khen mình đẹp trai mới vãi,0
hàng ko đẹp lắm shop ạh,0
thời gian giao hàng rất nhanh nhưng hộp bột sữa bị rơi lắc cả ra ngoài túi nilon bọc,1
quần chất đẹp rất đáng tiền,1
không có điều hòa,0
khách mặc k vừa nt k tl,0
chất lượng sản phẩm tuyệt vời thời gian giao hàng rất nhanh đunhs mẫu mã đúng size y ảnh ạ thank shop,1
da mỏng,0
các giáo viên không có nhiều kinh nghiệm trong việc giảng dạy không tạo ra giá trị trong việc học tập của sinh viên,0
vải mỏng,0
ok cũng được,1
các phòng máy tính được cập nhật và đáp ứng được nhu cầu học tập,1
điểm trừ xíu là mầu hồng ko đc giống ảnh mẫu,0
đóng gói sản phẩm ko dc đẹp nhưng sp vừa vặn phù hợp giá tiền,1
1 dây bị tuột chỉ,1
chất ko đẹp,0
giày đẹp rất oke : chủ quán bán hàng siêu dth :,1
điện nước bị cắt tắt một số lần trong tháng,0
lớp học rất nhỏ và không đáp ứng nhu cầu của sinh viên,0
có thư viện trực tuyến giúp cho sinh viên dễ dàng tìm kiếm tài liệu điều tra nghiên cứu,1
váy đẹp cả chất và lượng,1
mua 3 sp không được đồng kiểm,0
quan short k co tui sau nhu shop giơi thieu,0
nhắn tin ko thấy trả lời,0
nữ ok,1
giáo viên này không đưa ra những phản hồi xây dựng cho sinh viên,0
"Ngon, về Việt Nam quất luôn 1 em 13,3 inch",1
nhiều lúc sợ bị pê đi,0
ao xinh lai duoc tang them qua,1
bạn của em là người có khả năng giao tiếp tốt với nhiều người,1
đóng gói sản phẩm tuyệt vời,1
anh ấy rất thông minh và chân thành,1
áo chật so vs tưởng tượng chất lượng sản phẩm tạm được,0
tôi cảm thấy thoải mái và an toàn khi sử dụng phòng máy tính của trường,1
màu trắng ngà chứ k phải trắng tinh,0
the universitys administrative facility is helpful and accommodating,0
chip chất lượng đẹp từ màu sắc học tiết đễn chất cotton nhé,1
bán xog hàg cái là ko tl phản hồi của khách hàg,0
đối tác dự án của tôi là một người rất chuyên nghiệp và đáng tin cậy,1
màu đẹp vải ổn với tầm giá,1
chất vải mát,1
giảng viên giúp sinh viên tự tin hơn khi giải quyết các vấn đề,1
lên án nhiều rồi mà vẫn thế,0
tao thấy mấy thằng đi sh 10 thằng thì 9 thằng không mũ ngông nghênh ngồi trên xe thì dume mặt cứ nhìn lên trời đéo hiểu chúng nó sĩ oai cái lol gì luôn,0
ko dc rõ,0
thầy cô luôn chuẩn bị tài liệu bài giảng rất kỹ lưỡng,1
nhưng phần đệm ngực bị xẹp mất form,0
hy vọng cơ quan điều tra làm rõ được danh tính người phụ nữ chỉ vì cái miệng mà làm tan nát cả 1 gia đình,0
điều hòa không khí không hoạt động tốt trong các phòng học,0
thời gian giao hàng rất nhanh gói hàng ko đẹp hộp bị móp và rách đã nt cho shop nhờ ghi sp khác nhưng vẫn ghi y món đồ đó,0
chất lượng khá tốt đóng gói đẹp có quà tặng,1
chị ấy là một người bác sĩ tốt nhiệt tình và chuyên nghiệp,1
ôi cháu taooo,1
đóng gói sản phẩm rất đẹp và chắc chắn thời gian giao hàng rất nhanh đáng đồng tiền,1
khuyên mọi người nên chọn shop uy tín chế độ bảo hành rõ ràng sẽ đỡ ức chế hơn,0
vải mỏng mặc nóng,0
có hay không là ở nơi ta đời không thú vị nhưng ta lại thấy thú vị khi được sống ở đời,1
cổng tai nghe 35 đằng trc cắm k nhận mặc dù đã cắm đúng dây vô main,0
shop ko nhiệt tình,0
thầy không tôn trọng tính đa dạng của các học sinh,0
sản phẩm có thể tạm chất nhận nhưng gửi nhầm sản phẩm,0
anh bạn là người luôn có những ý tưởng mới và sáng tạo trong công việc đồng đội,1
còn đc tặng kèm quà cho shop 10 sao luôn,1
vải đẹp mà phần phủ trước hơi ngắn,0
giảng viên này không cung cấp nguồn tài liệu đầy đủ để sinh viên tham khảo,0
tôi rất hài lòng với việc giảng viên thường xuyên cập nhật kiến thức mới nhất để giúp sinh viên tiến bộ hơn,1
bận mấy nay k rep tn shop nhưng mà shop nhiệt tình gọi đt nữa,1
áo đỏ ok còn áo màu xanh khui ra bị bẩn đủ chỗ k biết giặt có ra k nữa,1
vải thô cứng bị nhăn,0
thầy cô luôn có tinh thần trách nhiệm cao trong việc giảng dạy,1
thành viên này không có tính trung thực và thường xuyên một mình giữ các ý tưởng của nhóm,0
shop phục vụ rất kém đóng gói sản phẩm rất kém,0
sp hơi cứng,1
đúng rồi đấy như thế là đang mắc chứng ảo tưởng sức mạnh,0
nghe đc 1 ngày sau thì 1 bên to 1 bên nhỏ,0
áo chất max đẹp :face_blowing_a_kiss: màu chuẩn dễ phối đồ :kiss_mark::kiss_mark: chất lượng sản phẩm tuyệt vời,1
giao thiếu hàng chất lượng sản phẩm tốt,1
66 năm không làm việc nhà giúp vợ hoặc có làm thì cũng phát được phát không,0
shop tư vấn nhiệt tình và tạo điều kiện cho khách,1
giảng viên thực sự quan tâm đến sự phát triển của sinh viên,1
giao đúng hẹn,1
ưng lắm luôn ý shop ơi còn đc tặng quà nữa sẽ ủng hộ shop dài dài,1
áo có vết bẩn,0
giá học phí của trường tương đối đắt đỏ so với một số trường đại học khác trong khu vực,0
nhiều cơ hội được tiếp xúc với các doanh nghiệp và nhà tuyển dụng,1
vải hơi mỏng nhưng sản phẩm mặc cũng rất tốt,1
kẹp bị gựt tóc xíu,0
hôm bữa đi ngang qua thấy hết con mẹ nó hồn,0
màu áo k giống trên ảnh,0
pin sạc bị lỗi,0
chất lượng được đóng gói không đẹp,0
đóng gói sản phẩm quá xấu hộp móp tùm lum,0
hổng gặp cái buồn luôn,0
né shop này ra nếu ko mún bực bội,0
những môn học chung giúp tăng tính đa dạng trong môn học,0
"Ngon, đáng đồng tiền lắm, mới đầu mình định mua cái JBL charge 2 mà ra xem và thử cái này rồi kết nó luôn, nhỏ, gọn gàng và chất lượng, nhét balo đem đi đâu cũng tiện. cục xạc thì nó dùng chung với điện thoại nên cũng không khó khăn gì.",1
vải đẹp mịn,1
cổ lông bị máy lỗi há hốc anhđường chỉ ko đẹp bị lỗichất liệu mình ok chỉ ko thích mấy lỗi kia,0
nhiều bạn cùng lớp rất chăm chỉ và năng động,1
thầy là một người dạy rất thực tế và sắc bén,1
áo thì chậtđc vải mềm k gọng như hìnhcó mùi hắc,0
bạn là người rất thông minh và có tầm nhìn xa tôi mong muốn học tập từ bạn,1
cảm ơn shop nhiều ah,1
chất lượng sản phẩm tuyệt vời đóng gói sản phẩm rất đẹp và chắc chắn hang dung voi mau!,1
cửa hàng tiện lợi của trường cung cấp đầy đủ các dịch vụ và hàng hóa cần thiết,1
chất lượng sản phẩm tuyệt vời :smiling_face_with_hearteyes:,1
cô ta không thể giữ bí mật được,0
đóng gói sản phẩm rất kém shop phục vụ rất kém shop phục vụ rất kém shop phục vụ rất kém,0
douma đứng trong nhà cũng không yên cái thân,0
thầy rất dễ tiếp cận và luôn sẵn sàng giải đáp mọi thắc mắc của sinh viên,1
lấy ko đúng màu vậy shop,0
giày mình thấy đẹp nhưng thường mình đi 38 rộng mà lấy đôi nayd đi hơi kịch chân khó chịu,1
không có nơi để lưu trữ tài liệu của sinh viên,0
màu sắc lung tung,0
mất thời gian khi phải học những điều không có ích cho sự nghiệp của tôi,0
đặt 1 rêu 1 gạch mà giao 2 rêu,0
tks shop :smiling_face_with_smiling_eyes:,1
ok đẹp doa shop,1
các giảng viên tại trường tôi giảng dạy rất chất lượng và có nhiều kinh nghiệm thực tế,1
shop phục vụ rất kém rất không đáng tiền,0
áo đã bẩn còn lỗi chỉ,0
cơ sở vật chất phòng thí nghiệm hiện đại,1
áo giống hình nhưng hơi rộng 1 chút phải đi sửa chất lượng sản phẩm tuyệt vời đóng gói sản phẩm rất đẹp và chắc chắn,1
váy đặt size l giao size s,0
giảng viên rất kiên nhẫn và sẵn sàng giải đáp thắc mắc của sinh viên,1
cảnh thì dõ đẹp mà nhìn nước ô nhiễm quá,0
công ty lớn mà đóng gói sản phẩm quá tệ!,0
dúm vải,0
anh bạn là người có tư duy nhạy bén và luôn đưa ra những ý tưởng mới và phù hợp nhất cho công việc đồng đội,1
có nhiều tiện ích tại trường,1
tôi cảm thấy bị cưỡng ép để học tại đại học này vì không có sự lựa chọn khác,0
hàng k ứng lắm,0
được cái giao hàng nhanh,1
tốt bạn ạ mình rất thích nó :beaming_face_with_smiling_eyes::beaming_face_with_smiling_eyes::beaming_face_with_smiling_eyes::beaming_face_with_smiling_eyes: chất lượng sản phẩm tuyệt vời,1
nhưng cổ áo của áo bé hơi to,0
trường học cung cấp rất nhiều phương tiện hỗ trợ học tập cho sinh viên,1
có khu nghỉ ngơi sau giờ học rất tiện lợi cho sinh viên,1
anh ấy chấp nhận và tôn trọng quan điểm của người khác,1
áo quá rẻ chất dày dặn lắm luôn ạ ai nói áo mỏng mình cũng cạn lời :face_with_tears_of_joy::face_with_tears_of_joy::face_with_tears_of_joy: size thoải mái màu đẹp,1
chất lượng sản phẩm tuyệt vời đóng gói sản phẩm rất đẹp và chắc chắn đóng gói sản phẩm rất đẹp và chắc chắn rất đáng tiền thời gian giao hàng rất nhanh,1
đặt hàng 2 ngày ko thấy giao,0
híc mình mặc sai 34 pom thươngf pom này bé hơn mặc chật huhu,0
:purple_heart::seenoevil_monkey: giao hành nhanh sáng đặt chiều đã có hàng,1
cách giảng dạy của giảng viên rất thú vị và hấp dẫn,1
giao hàng rất nhanh hàng cũng đẹp nữa :red_heart:,1
thiếu sự đồng nhất trong giảng dạy giữa các giáo viên,0
chưa được đi pháp mà huhu,0
chất lượng sản phẩm tuyệt vời đóng gói sản phẩm rất đẹp và chắc chắnnhung tui hoi nhỏ kt kg đúng với quang cao2522,1
tôi phát chán cách dạy của giảng viên này không muốn một lần nào học với họ nữa,0
nhưng hang k tôt,0
áo hơi nhỏ nhỉ?,0
địt mẹ vừa đi ép lại kính xong giờ tan con mẹ nó cái kính rồi 200k của bà mày đấyyyyy !,0
bố mày ngứa mắt lắm rồi đấy,0
hàng đệp dã man,1
không ưng lắm,0
quần như hình,1
có gọng mà hay shop lấy nhầm,0
váy hơi dài tuy nhiên shop tư vấn nhiệt tình,1
cô ấy có tài nghệ thuật đặc biệt và luôn chia sẻ đam mê của mình với mọi người,1
tôi rất thích không gian ở phòng đọc sách của trường tôi có thể tìm kiếm thông tin và học tập một cách thoải mái,1
không biết đến 2021 tao có lấy được chồng không nữa :,0
giảng viên luôn đưa ra các ví dụ đặc biệt để giúp học sinh hiểu bài học,1
tôi được học cách điều hành và quản lý dự án một cách chuyên nghiệp và hiệu quả nhất,1
áo bt chất xấu thời gian giao hàng rất nhanh,1
per huhu trời ơiii,0
chất lượng sản phẩm kém vải quần k f là vải len chỉ là thun mỏng,0
mình thấy rất đẹp nên mua về con trai mang rất tiện lợi con trai mình thích ghê lắm lúc nào cx đeo như vật bất li thân 3,1
cô ấy thường xuyên trì hoãn các dự án và không bao giờ giúp đỡ đồng nghiệp của mình,0
xin lỗi shop nhưng mà sản phẩm quá tệ đóng gói ko cẩn thận áo thì đường may kém may xiên sẹo còn có chỗ ko thèm vắt sổ dáng áo thì tệ khỏi nói vải thì khi giặt phai tùn lum hết cả,0
áo chất k đẹp :,1
ko có hàng mà khi cho hàng vao gio kho vẫn báo con mấy chục chiếc ko có hàng mà khi nhắn tin hoi cung rap tin nhân chung chung,0
thời gian giao hàng nhanh đóng gói sản phẩm chắc chắn shop phục vụ khá tốt,1
chương trình đào tạo được thiết kế để giúp sinh viên đạt được mục tiêu cá nhân và nghề nghiệp,1
hàng kem chất lượng hoan toan không giống hình,0
áo quá rộng ko thấy shop tự van j,0
hệ thống giáo dục mang tính ứng dụng,0
áo làm bằng vải voan cát tương đối thô ráp mặc cọ vào ng rất khó chịu form áo đẹp nhưng vải thì chán quá,0
chất thì được như có một cái bị rách,0
cô bạn luôn biết cách truyền cảm hứng cho các thành viên trong nhóm,1
chất lượng san phẩm kém,0
tôi hy vọng giảng viên sẽ giảng dạy khoa học hơn,0
phòng thư giãn và giải trí được bố trí đầy đủ giúp cho các sinh viên có một không gian giải trí đầy đủ,1
thức ăn cho chó lúc nào cũng ngon :,1
những người này thường không hoàn thành công việc hoặc đến trễ mà không có giải thưởng,0
chất ko đc thik lắm,0
người ta chỉ hỏi hàng tháng bạn kiếm được bao nhiêu tiền chứ không hỏi công việc của bạn có làm cho bạn mệt nhiều không,0
đẹp và rẻ,1
tôi luôn thấy được sự sẵn sàng giúp đỡ và hỗ trợ từ giảng viên này,1
giảng viên này đa phần chỉ giảng kèm một đống bài tàng hình,0
tôi tận hưởng mỗi giờ học tại trường này,1
các phòng học và tiện ích đáp ứng tốt nhu cầu học tập và sinh hoạt của sinh viên,1
sp rất ok túi kiểu dáng đẹp da mềm nhưng rất đứng túi,1
S7 ván này thua thật.,1
nhưng giày đẹp,1
áo ưng lắm nha shop cũng rất quan tâm đến khách hàng sẽ ủng hộ dài dài,1
dume sự nghiệp vứt đi đâu,0
khuôn viên trường thiếu sự vệ sinh và trông không được đẹp mắt,0
lớp trong ngắn đến ngực khi mặc lên bị lộ rõ viền lớp trong viền tim bị lệch k cân xứng,0
vừa sếp vừa đồng nghiệp tốt thì đi làm như là đi chơi :woman_dancing: bonus 6h chưa hẳn đã muốn về,1
rộng phải tạ mới mặc vừa,1
tao không tin đâu hiccc,0
giao hàng nhanh gói hàng siêu kĩ áo hơi mỏng,1
buồn cái là freesize nên mình mặt hơi ngắn chút :3,1
họ rất quan tâm và giúp đỡ những người khác,1
Mình là tín đồ của Note 1 rồi 5 chẳng lẽ 7 nữa sao trời. I love galaxy note.,1
shop phục vụ cực tốt !,1
năng lượng không khí trong trường rất tuyệt vời,1
chất liệu da mềm đường may và phụ kiện trông khá tinh xảo,1
k giống như hình chất lượng kém k đáng đồng tiền,0
các phòng thí nghiệm được cập nhật định kỳ về thiết bị để phục vụ công tác giảng dạy và học tập của sinh viên,1
chỉ vì lợi nhuận mất hết tính người thương các bé,0
chương trình giúp tôi phát triển kỹ năng mềm giúp tôi trở nên tự tin và thuyết phục trong giao tiếp,1
nhân 2 cái ưng hết ca 2 caia vải dày mặc đẹp,1
sản phẩm rất đẹp,1
ukm nguy hiểm thật :,0
giá quá ok,1
dùng được mấy hôm thì ốc bắt đầu long ra,0
áo đẹp ôm dáng mặc rất thích chất lượng phù hợp với giá tiền :thumbs_up_light_skin_tone::thumbs_up_light_skin_tone::thumbs_up_light_skin_tone:,1
tôi thích hệ thống hỗ trợ và tài nguyên về học tập của trường,1
"Nếu thực sự thích thì nhích, mình k thích màu nịnh như S7 nên kiếm em BlackBerry PRIV sài",0
m vừa tuột quần xuống nó sẽ hôn con họa mi của mày,0
shop phục vụ rất tốt thời gian giao hàng rất nhanh còn được tặng thêm miếng,1
khuôn viên sạch sẽ và khang trang,1
chất lượng sản phẩm tạm được nhưng mặn quá,0
môn học này đầy đủ chi tiết và cập nhật mới nhất về lĩnh vực đó,1
chất lượng sp hợp với giá tiền !,1
phòng học thiếu ánh sáng khó tập trung học,0
thầy khuyến khích sinh viên tìm hiểu về nhiều lĩnh vực khác nhau để mở rộng kiến thức,1
các phòng học tại trường quá khó tìm kiếm các thông tin chỉ dẫn không rõ ràng,0
muốn trả lại !,0
giày đẹp đấy,1
per á đông có đồng nghiệp như hiệp suốt ngày rủ đi vệ sinh cùng ghê vãi,0
thầy là một giảng viên rất nghiêm túc và đáng kính,1
hàng đẹp ship nhanh ạ cảm ơn shop 3,1
: mình có 45kg cao 1m62 vòng ngực 86 mà mặc ngực chật ních vải hơi cứng,0
mền giao sai màu đóng gói sản phẩm tốt chất lượng sản phẩm tạm được,0
áo thun màu ko giống như hình sọc đỏ đen,0
cô ấy là giảng viên tuyệt vời luôn sẵn sàng giúp đỡ học sinh,1
đóng gói sản phẩm rất đẹp và chắc chắn chất lượng sản phẩm tuyệt vời,1
t ngắm người yêu tao cười mà càng ngắm tao càng yêu lúc giận cơ nhìn muốn cắn cho mấy phát tao bị cuồng người yêu rồi cái,1
thầy rất quan tâm đến việc rèn luyện kỹ năng và đánh giá thành tích của sinh viên,1
chỉ mong cảnh này sẽ không còn xãy ra ở xã hội này nữa bất hạnh vậy đủ rồi :disappointed_face::slightly_frowning_face:,0
thời gian giao hàng nhanh nhưng mình thấy màu đen thì sẽ đẹp hơnmàu be ở ngoài ko sáng như trong hình,1
áo đc shop ghi là mặc được dưới 53kg nhưng lại nhỏ giống size xs,0
khuôn viên trường được bật đèn rất sáng vào ban đêm,1
giảng viên này dạy rất tốt về chuyên môn nhưng thiếu sự nhiệt tình khi giảng dạy,0
giáo viên của tôi luôn có những ví dụ minh họa sinh động và dễ hiểu,1
áo mặc thích,1
tao sợ thật sự :,0
Giá rẻ thế,1
chất lượng sản phẩm tạm được size quá bé so với giới thiệu,0
vải hơi mỏng k dày như mình nghĩ nhưng cũng đẹp như hình,1
thương xá của trường là nơi tuyệt vời để mua sắm và tiện lợi cho sinh viên,1
thầy dạy rất truyền cảm hứng và động viên sinh viên tiếp thu kiến thức mới,1
hỏi nhây khiếp,0
phơi nắng r mà ko thấy sáng,0
giày rất đẹp đi êm chân lắm nhé,1
giao hàng nhanh lông mịn nhưng đường may thưa tai bị lệch,0
hàng k đc rộng như trong hình,0
tôi thấy chương trình học kỹ năng mềm làm việc nhóm và giao tiếp rất hiệu quả,1
rộng pai,1
màu không giống trong ảnh,0
cô ấy thường nói chuyện phũ phàng và không có tinh thần hỗ trợ,0
có những khu vực giải trí như trung tâm thể dục thể thao,0
chất lượng sản phẩm tuyệt vờisẽ ủng hộ shop dài dài,1
thời gian nhà vận chuyển ghn giao hàng tạm được,1
cô bạn này chỉ toàn quất thẳng tay mà không suy nghĩ trước,0
shop ko có hàng ko báo trc mà giao tiền lại luôn,0
chưa chia tay nữa mà còn khó đây,0
khuôn viên của đại học rất rộng lớn và được bố trí hợp lý,1
rất nguy hiểm,0
nhưng mà áo tay rộng nhìn k đúng form trong ảnh,0
k đáng tiền,0
áp lực học tập nặng nề đối với sinh viên,0
nếu đã giảm giá thì phải có note tả hình trung thực chứ nhỉ,0
azz :3 mặt cưng xĩu,1
ko phát ra tiếng chất lượng sản phẩm rất kém,0
rất đáng tiền rất đáng tiền rất đáng tiền,1
ok ngon lành ngoài trừ việc shop bạn ko rep ib để lấy thêm hàng,1
3 chiếc 1 chiếc bị rách :,1
phom xấu,0
giá rẻ mà đẹp thật sự,1
mình dùng thấy ok đã đặt thêm cho gia đình sử dụng,1
phòng thí nghiệm thiếu thiết bị và trang thiết bị hiện đại,0
cô ấy rất trầm tư và đối xử tốt với mọi người xung quanh,1
"sao anh không khác đi vậy anh sam sum....! cứ mãi làm giống thế, anh có cái nào đột phá hơn trong thiết kế không....",0
nhóm của họ không muốn hợp tác với những người khác,0
các bài tập quá dài không phù hợp với thời lượng giờ học của sinh viên,0
các dịch vụ y tế trong trường rất tốt và hiệu quả,1
vải hơi cứng!,0
mua lần đầu cũng là lần cuối,0
giảng viên nên đưa ra thêm các nguồn tài liệu phù hợp để sinh viên nghiên cứu thêm,0
áo hơi dài tí thui mang kiểu form rộng cũng đẹp nè vải được hình sao áo vậy,0
shop nên ktra trk khi giao hàng,1
cảm ơn sh nhiu,1
áo rách ngay vai trước 1 vết lù lù này mà shop vẫn gửi hàng đc,0
à ừ đúng rồi tin người quá đến lúc nó đâm cho cũng không biết,0
đóng gói sản phẩm rất đẹp và chắc chắn shop phục vụ rất tốt thời gian giao hàng rất nhanh,1
mình có liên lạc thì shop nói mang qua shop đổi,0
anh ấy thường không chịu học và chỉ biết mài đồng nghiệp,0
dép nhẹ mang êm chân giao hành nhanh tuy nhiên hộp bị móp méo,1
tôi cảm thấy đang thu tiền và không nhận được giá trị nào từ việc học tập tại đại học này,0
thầy không có khả năng quản lý lớp học tốt,0
áo siêu đẹp luôn c ơi :face_blowing_a_kiss::face_blowing_a_kiss:,1
rất đẹp :smiling_face_with_hearteyes::smiling_face_with_hearteyes::smiling_face_with_hearteyes:,1
cái địt con mẹ mày biết bố mày xem xong tí rơi điện thoại không :loudly_crying_face::loudly_crying_face::loudly_crying_face::loudly_crying_face::loudly_crying_face::loudly_crying_face::loudly_crying_face::loudly_crying_face::loudly_crying_face:,0
giống tao nhưng cô ấy có hiểu đâu,0
tôi không hài lòng,0
thời gian giao hàng chậm giao sai hàng,0
per đúng kiểu sáng tạo :,1
áo đẹp lắm lắm ạ :red_heart::red_heart::beaming_face_with_smiling_eyes:,1
đừng cứ đổ thừa cho ngành đường sất khi có quá nhiều anh não bé,0
mẹ nó chứ xem xong mình khóc hết cả nước mắt,0
size rộng quá shop ơi,0
quả mắt nhìn sợ vãi,0
đầu năm chúc đại kỷ nguyên vạn sự như ý nhé,1
thời gian giao hàng chậm,0
thiếu trợ giáo viên trong các phòng học,0
hệ thống thư viện đầy đủ sách báo và tài liệu điện tử giúp tôi tiếp cận với nhiều kiến thức mới,1
thầy có khả năng chỉ đạo một cách tận tâm và chi tiết đến từng chi tiết nhỏ,1
giảng viên này thường xuyên muốn so sánh sinh viên với nhau hoặc lớp của mình với các lớp khác,0
cô ấy luôn chỉ trích người khác một cách không tinh tế,0
mình không thể kết hợp với người đó vì cảm thấy không thoải mái,0
giảng viên thường xuyên tổ chức các buổi thảo luận để sinh viên có cơ hội góp ý,1
áo quá nhỏ luôn,0
thời gian giao hàng rất nhanh tinh dầu thơm lắm,1
chất rất ưng,1
tôi cảm thấy hài lòng với tất cả các cơ sở vật chất của trường,1
chất lượng sản phẩm tạm được dễ rách,0
ko hiẻu shop làm ăn kiểu gì nữa,0
chất lượng sản phẩm tuyệt vời đóng gói sản phẩm rất đẹp và chắc chắn shop phục vụ rất tốt rất đáng tiền thời gian giao hàng rất nhanh cảm ơn shop nhiều shop làm ăn rất tốt cảm ơn shop,1
thầy dạy học viên cách áp dụng kiến thức vào cuộc sống thực tế,1
chất lượng sản phẩm tuyệt vời rất đáng tiền rất đáng tiền shop phục vụ rất tốt,1
phục nhất ông cưa móng tay mà không cần đeo bao tay và đeo khẩu trang gặp tao là tao ói ngay từ khi thấy bộ móng này rồi,0
quần co dãn tốt chất đẹp ôm dáng,1
khoá kéo rít khó kéoko đẹp như hình,0
khi mình nhận thì bao bì rách ra tùm lum k kĩ lưỡng gì hết,0
em rất cảm kích sự đam mê của thầy với môn học giúp em có thêm động lực học tập,1
thầy đưa ra những phương pháp và chiến lược học tập hữu ích cho sinh viên,1
chúc mày mau khoẻ nhá chủ thớt ạ,1
bọn phục vụ nhà bếp toàn là chó chó mới ăn thịt thúi bẩn như vậy,0
xiaolin không có gì vui chúng ta không nên xiaolin :face_with_rolling_eyes::face_with_rolling_eyes:,0
cứ bảo ngon lắm với chả ngon vừa không biết nghĩ trước khi ăn à,0
áo đẹp giá hợp lí,1
các phòng học đều được trang bị máy lạnh giúp cho sinh viên có thể học tập trong môi trường thoải mái,1
tay cầm hơi lỏng,0
chât lượng quá kém !,0
giá cả chấp nhận được 3 tốc độ nhưng chỉ là 1 có đèn nhưng 0 bật dc,0
thật sự thất vọng,0
sản phẩm tôt,1
bao gói rất kín,1
sách giáo khoa không đáp ứng được nhu cầu học tập của sinh viên,0
shop phục vụ nhiệt tình,1
giao sai đia chỉcần cẩn trọng hơn,0
hợp với giá tiền nhưng áo thun trắng vải khác và from nhỏ hơn so vs mình mua lần đầu nên hơi buồn,0
các hoạt động tình nguyện rất ý nghĩa và tốt cho sự phát triển của sinh viên,1
giáo viên quá nghiêm khắc khiến cho sinh viên sợ hãi và không muốn đến lớp,0
áo đẹp i hình nhưng cảm giác mặc hơi ngứa,1
cô ấy là một giáo viên rất khéo léo trong việc truyền đạt kiến thức cho sinh viên,1
có các dịch vụ chăm sóc tóc nails giúp cho sinh viên không cần ra ngoài để tìm kiếm các dịch vụ tương tự,1
nhìn mẫu mặc đẹp mà k nghĩ mình vừa đẻ xong cứ nghĩ ng nhỏ như mẫu : mặc lên trông thật thảm tiếc quá,0
tôi rất thích không gian ở khu vực sân tennis của trường tôi có thể chơi tennis và rèn luyện thể chất một cách hiệu quả,1
hàng đẹp nha mn tự tin mua nhé,1
cô ấy là một người chuẩn bị tốt và đúng giờ trong các cuộc họp,1
chần chừ trong thay đổi chương trình học cũng như không có sự chuẩn bị kỹ lưỡng,0
hồ sơ sinh viên bị lạm dụng và sử dụng không đúng mục đích,0
chất lượng sản phẩm tuyệt vời!,1
phục vụ tốt chât lượng ok,1
quá xá là đẹp,1
cô bạn này chỉ thích lăng nhăng và không có trách nhiệm với công việc của mình,0
vãi mát rất dễ thươngnhưng kimono cần làm thun lưng rộng rãi tý sẽ thoải mái hơn,1
anh ta thường xuyên gây ra sự cảm thấy không thoải mái và khó chịu trong nhóm,0
sp giống hình ok!,1
chất lượng sản phẩm tạm được giao hàng sai mẫu,0
mua 5 cái nên shop có tặng cho cái quần nữa áo đẹp ạ,1
chất lượng sản phẩm tuyệt vời,1
mức độ phục vụ của thư viện trường cần được cải thiện để đáp ứng được nhu cầu của sinh viên,0
chỉ thì bung bét thất vọng,0
tôi cảm thấy giảng viên này không nên dạy học,0
trường không có đủ phòng nghỉ cho sinh viên ngủ,0
thiếu hang co 19 chai,0
mặc thì k nâng ngực mà còn xẹp đi và bè ra chất lượg kém nói chug k như giới thiệu thất vọng,0
giáo trình của trường rất đa dạng và bao gồm nhiều chủ đề học thuật,1
chúc shop làm ăn may mắn nhoa,1
chất lượng sản phẩm tuyệt vời đóng gói sản phẩm rất đẹp và chắc chắn shop phục vụ rất tốtcó cái giao hàng hơi lâu,1
giảng viên có lẽ là người tồi nhất mà tôi đã gặp trong quá trình học,0
mh đặt 2 áo sao gửi cho mh có 1 áo vậy shop,0
shop phục vụ rất tốt đóng gói sản phẩm rất đẹp và chắc chắn hài lòng với sản phẩm,1
cô ấy có cách dạy rất hiệu quả và hỗ trợ học viên tận tình,1
giảng viên cần cải thiện phần trình bày bài giảng cho sinh động hơn,0
jao hang nhanh nhung das ko moi nhu may shop khac,1
vải hơi nóng,0
môn học của trường không phù hợp với sự phát triển công nghệ,0
shop phục vụ tạm được chất lượng sản phẩm tạm được,1
per : hiểu được nỗi lòng anh chưa ! mốt đừng giận anh nhiều nữa nha,1
dịch vụ hỗ trợ sinh viên rất tốt,1
chất lượng tuyệt vời luôn ấy sẽ ủng hộ shop dài,1
tôi hài lòng với những kết quả học tập và phát triển bản thân của mình tại trường,1
học sinh không được phản hồi khi giảng viên đặt ra các nghi vấn,0
chất lượng sản phẩm tuyệt vời đóng gói sản phẩm rất đẹp và chắc chắn thời gian giao hàng rất nhanh nhưng giao thiếu mình một bản dây trong,1
shop này đáng tin tưởng nhất,1
giảng viên truyền đạt kiến thức một cách sáng tạo và mới lạ,1
chất lượng ok chất lượng sản phẩm tuyệt vời,1
tạo môi trường học tập hỗ trợ và đầy khuyến khích,1
shop cho doi tra ok,1
chất lượng sản phẩm tốt nhung dong goi k can than lam cai tui sach no bj mop meo het ui,1
quan ao qua rong,0
quần jean đẹp mà size nhỏ quá,1
rộng quá huhu,0
vải đẹp,1
trang thiết bị trong khu thể thao của trường không đủ cho sinh viên,0
hoi thật vọng,0
gửi sai mẫu,0
sạc thì chân micro ngắn dễ bị tuột ra khỏi máy nếu vừa sạc vừa dùng,0
vải thô quá,0
nếu k mua về rồi mặc k vừa họ nói tại mình k hỏi họ tự vấn chiều cao nữa nên lỗi do mình k được đổi,0
giảng viên thiếu sự chỉ đạo nghiêm túc trong lớp học,0
trả hàng được thì đánh giá tiếp,0
đặt mua nhẫn thì lại giao một sợi xích,0
quần áo đúng y như ảnh mẫu,1
giáo viên có trình độ chuyên môn cao và nhiệt tình,1
giảng viên không yêu cầu các sinh viên trả lời câu hỏi chỉ dựa vào học sinh tự đề nghị,0
cô bạn đó rất lười biếng và không bao giờ làm việc đúng hạn,0
đóng gói sản phẩm rất đẹp và chắc chắn mà còn giao hàng siêu nhanh,1
quần màu sữa nhưng túi màu hồng trông lộ siêu rộng mua 2 cái chắc cắt thành quần lửng :,0
bị chật mông rồi ko có chỗ nớihuhuuổng quá,0
ship hơi cao nên để nhà vận chuyển ghtk để khách tiết kiệm chi phí,0
quá tuyệt vời rất ưng ý,1
một số đồng nghiệp của tôi luôn làm việc một cách lười biếng và chậm chạp,0
chất lượng sản phẩm tuyệt vời :beaming_face_with_smiling_eyes: đóng gói sản phẩm rất đẹp và chắc chắn :balloon: thời gian giao hàng rất nhanh :ok_hand:,1
shop giao sai sp nhug khi liên hệ lại thì ko nhiệt tình cho lắm 20k ko đáng bao nh mà m bận m cũng ko có thời gian tìm hiểu mà đổi trả luôn,0
shop lưu ý hơn nhé,1
pijama nhỏ quá mình 47kg cao 1m58 mà phần eo của quần có tí xíu xỏ vào ko vừa luôn,0
miếng này dễ hỏng lắm chả biết nên dùng vào việc gì,0
mình đánh giá 1 sao vì trước khi gửi hàng shop không kiểm tra sản phẩm :,0
vải thì nhăn nhúm,0
học viên được học tập và làm việc trong môi trường năng động thú vị và đầy sáng tạo,1
tuy nhiên quần legging nhưng phần gấu quần lại k bó vào chân cho lắm,1
giảng viên giáo viên thường đưa ra các bài làm và kiểm tra khó,0
thanks shop nhìu nhìu và chắc sẽ còn ủng hộ nữa,1
đặt mẫu này giao mẫu khác,0
cách tạo nghiệp chướng nhanh và hiệu quả :,0
"Tôi đang dùng còn Lenovo Thinkpad E430 được 2,5 năm rồi, mong nó hỏng để đổi em khac mà nó chả hỏng, chắc phải lấy búa đập cho nhanh hỏng thôi. Mình dân kinh doanh nên dùng nguyên ngày và cả đêm mà pin vẫn còn OK, nói chung rất hay lòng khi mua em này...",1
ôi bé xinh gái vãi :,1
hàng đẹp rất hài lòng sẽ ủng hộ shop lâu dài dong gói k được đẹp nhưng k sao chất lượng là ok,1
nhưng rất đáng tiền,1
sân bóng đá của trường rộng rãi và thích hợp cho sinh viên chơi thể thao,1
học tập tại đại học này giúp tôi phát triển kỹ năng đọc hiểu và viết có chất lượng,1
kệ mẹ tao tao thích nuôi chó thôi okeeee nó đéo bao giờ kêu tao bướng,0
cách giảng dạy của thầy rất hấp dẫn,1
giáo viên có tâm sẵn sàng chia sẻ kiến thức với sinh viên,1
bán hàng thì k tư vấn hỏi khách mặc size gì ship bừa ship đại,0
per nhà giáo áp lực quá nhỉ giống làm dâu trăm họ,0
cảm ơn đoi tình nguyện viên nhớ có các bạn mà người dân bớt vất vả hơn,1
chất lượng sản phẩm tuyệt vời đóng gói sản phẩm rất đẹp và chắc chắn chất lượng sản phẩm tuyệt vời chất lượng sản phẩm tuyệt vời rất đáng tiền,1
vải bao đẹp,1
thầy rất hài hước và tạo tiếng cười cho lớp,1
nhân viên giao hàng kì kèo xin thêm tiền,0
per nhìn đẹp thiệt mày,1
quá rộng với size s,0
sản phẩm việt nam chất lượng,1
họ rất lãng mạn và yêu đời,1
rất ưng ạ,1
anh bạn học của tôi có khả năng giao tiếp tốt và luôn tạo mối quan hệ tốt với mọi người,1
hàng không như ảnh cảm giác khá tệ!,0
đóng gói sản phẩm rất đẹp và chắc chắn phù hợp giá tiền phom đẹp lắm ạ,1
giảng viên rất có tâm huyết với công việc giảng dạy của mình,1
đã sợ rồi cố gắng hí mắt để xa ra để coi như thế nào khúc cuối hết hồn dục luôn cái điện thoại :,0
hồ bơi của trường là một điểm nhấn đặc biệt trong cơ sở vật chất của trường,1
áo đúng hình mặc lên rất sang và mát,1
chất vải tốt,1
thầy dạy rất sáng suốt và có cách giải thích hoàn hảo,1
giá cả chấp nhận được thời gian giao hàng tạm được thời gian giao hàng tạm được thời gian giao hàng tạm được giá cả chấp nhận được,1
cách giảng dạy của giảng viên này quá chán và không thuyết phục,0
con nghiệt súc này mỗi lần tao đi đá bóng là 2 vợ chồng nó dí theo cắn bầm hết chân thứ này thù dai kinh khủng chiều nào nó cũng khởi động cho tao trước khi đá bóng con mẹ nó giờ tao lớn rồi tay nghề nấu nướng cũng không tệ gặp mà dí theo là xác định tao quay nó vàng ương luôn,0
chất lượng sản phẩm siêu siêuuuuuuuuuuuuuuuuuuuuuuuuuuuuuu tuyệt vời,1
bao bì đóng gói không cẩn thận giao hàng chậm,0
cho ngay cốc bia vào mặt nhố nhăng,0
chất vải k như tưởng tượng lắm nhưng cũng chấp nhận được,0
chủ vô tâm có chó mà nuôi vất năn vất lóc không tắm rửa để bẩn thì trả có giận có ve,0
cô ấy thường xuyên ở viện không tập trung vào giảng dạy và không thể hiện sự tận tâm với người học,0
màu nổi và tươi hơn trong hình màu k giống lắmnhưng vải thì ok,1
giáo viên này không giữ bảo mật cho thông tin cá nhân của sinh viên,0
thật ra là nó muốn kiếm em gái anh trai mưa đấy,0
quá rông,0
các giảng viên đánh giá chưa chuẩn xác dẫn đến sự thất vọng của sinh viên,0
shop có nói tặng pin mà ko có,0
size k được chuẩn lắm đặt 38 nhưng mang vào phải là 39 nên khá rộng,0
trong bài giảng quá chung chung không đủ chi tiết và ví dụ để sinh viên hiểu,0
thầy rất kiên nhẫn và sẵn sàng phải giải đáp những thắc mắc của sinh viên nhiều lần,1
chất lượng sản phẩm rất kém rất không đáng tiền lần sau không mua ở shop này,0
nếu có nhu cầu mua gối chắc chắn sẽ ủng hộ shop tiếp,1
C Cái 100-400 nhìn còn tởm nữa bác ợ,0
phân loại hàng hơi rắc rối mình k mua được cái muốn mua,0
chán nhìn thấy chán hẳn,0
rất đáng tiền quần mặt lên rất đẹp,1
1 nửa hài lòng 1 nửa k hài lòng,0
vỉa hè to thế vẫn còn muốn ăn cả ồ hố nữa hả,0
cô giáo thường xuyên đánh giá và giúp đỡ sinh viên trong quá trình học tập,1
giao hàng cho nhà vc hơi lâu,0
mua hàng lần thứ 2 rồi nè,1
có mấy người rất thích bắt nạt người khác,0
per có sub rồi nè má coi đi coi lại vẫn mắc cười với đưa anh stk đi,1
thầy cô không có khả năng tận tâm đối với phần chuyên môn của mình,0
nên nhìn cặp hơi thô,0
shop giao nhầm hàng,0
tôi cảm thấy giáo viên rất nhiệt tình và giúp đỡ sinh viên trong quá trình học tập,1
shop phục vụ khá tốt chất lượng sản phẩm tốt,1
per vui quá đi dạo được ven hồ rồi :slightly_smiling_face:,1
oder hàng có tâm và nhiệt tình giữ chữ tín :red_heart::red_heart:,1
len đẹp như hình,1
chat oki mau k dc den lắm hoi sang xiu,0
các bài giảng thú vị và hấp dẫn,1
áo đẹp y như hình,1
cái dân mê tín ngu si làm giàu cho tiệm vàng,0
không có sự hướng dẫn hoặc giúp đỡ cho sinh viên yếu kém,0
sp do wua,0
tôi hài lòng với cách tạo điều kiện cho sinh viên để truy cập và sử dụng tài liệu học tập trực tuyến,1
anh bạn là người rất phân tích và giải thích một cách rõ ràng dễ hiểu cho mọi người,1
xấu và nhìn phom áo chán đời luôn,0
cưng tởm,0
quần đẹp lắm nha mn,1
màu gần như nâu,0
chuyển hàng nhanh chất lượng tốt,1
kiêu giông hinh,0
cay đắng và mặn :,0
áo ko dc đẹp lắm chữ in xấu,0
chất vải thì được nhưng may không đẹp lắm,0
áo k phải thêu mà toàn hình in nhưng nói chung là khá ok,1
người bạn học của tôi là một người rất tận tâm và đam mê trong học tập,1
hà nội làm con người ta trở nên nhỏ nhen và bon chen luật thi áp dụng như cứt nó chỉ giành cho người có tiền và có quyền,0
thiếu hàng thì gửi tiền lại khách chứ đừng có tuỳ tiện gửi mẫu khác,0
rate 5 sao luôn,1
các dịch vụ ăn uống trong khuôn viên trường rất đa dạng và phù hợp với nhu cầu của sinh viên,1
rất ưng ý mẫu mã chất liệu,1
thời gian giao hàng rất nhanh rất đáng tiền shop phục vụ rất tốt đóng gói sản phẩm rất đẹp và chắc chắn chất lượng sản phẩm tuyệt vời,1
thầy rất có khả năng truyền đạt kiến thức một cách dễ hiểu và thú vị,1
ko lẽ trả hàng hoàn tiền mua màu hồng giao màu tím,0
tôi cảm thấy rất vui mừng khi sử dụng các phòng học và các tiện nghi tại trường có cảm giác như đang ở trong một khách sạn sang trọng,1
các phòng thí nghiệm ở trường đều được trang bị đầy đủ các thiết bị và dụng cụ giúp cho sinh viên có thể thực hành và nghiên cứu chuyên sâu,1
sản phẩm k đúng còn bị ránh á,0
chất lượng sản phẩm tuyệt vời đóng gói sản phẩm rất đẹp và chắc chắn shop phục vụ rất tốt rất đáng tiền thời gian giao hàng rất nhanhsp y hình,1
shop phục vụ rất tốt thank shop nhe,1
ko giao vẫn tính tiền,0
nhìn hàng quá cũk có được mớigiống hình ảnh trên đó mà k hai long cho lam,0
hàng gì như đồ mã hàng dởm mà đem rao bán trên shopee thiệt mất uy tín của shopee,0
cuốn sổ vô dụng nhất mà tôi từng biết ơn giời nó không còn nữa,0
đm phí hết sức :,0
thầy sử dụng những hình ảnh và video để giải thích các khái niệm phức tạp một cách dễ hiểu,1
cô ấy là người đầy nhiệt huyết và có tinh thần học tập cao,1
chất lượng thì ok,1
gì mà ghê vậy :expressionless_face: sởn gai ốc,0
chất lượng phông bên shop ok nhưng mà k biết có phải bên vận chuyển rạch ra để kiểm tra hàng không mà khi nhận hàng có 2 vết rạch ở 2 đầu gói hàng dài tầm 5cm rạch cả vào rách 1 chút ở đầu tấm phông của mình,1
giao nhầm màu be,0
khuôn viên của trường rất đẹp và thoáng mát giúp tôi thư giãn sau những giờ học căng thẳng,1
má chắc gặp tao chạy mất giày,0
ai không thích vải mỏng không nên mua,0
shop phục vụ rất kém giao sai màu cho khách nt ns vs shop thì shop k đk câu xl trả lời mỗi câu ok,0
ko muốn quay lại,0
phù hợp với giá tiến,1
shop dễ thương sẽ tiếp tục ủng hộ,1
anh ấy không quan tâm đến việc giúp đỡ người khác,0
shop giao hàng không đúng mẫu,0
mỗi tội đóng gói k đc đẹp cho lắm nhưng vẫn cho shop 5 sao,1
học viên có cơ hội được tham gia vào các hoạt động ngoại khóa để nâng cao kỹ năng mềm,1
shop lại giao lyly,1
một hai chỗ trên quần bị bung chỉ,0
shop nên chú ý hơn cho những ng mua sau!,0
viết lên bảng quá mờ không như mong đợi,0
đúng mẫu mã bên ngoài nhưng bên trong chất lượng khá kém chưa dùng đã bục chỉ và sắp rách,0
các nhà khoa học tại trường rất giỏi và phát triển nhiều dự án hữu ích,1
giảng viên này luôn chê bai và chỉ trích sinh viên của họ đến nỗi tôi sợ hãi,0
chị ấy là một người đầy năng lượng và tích cực,1
thời lượng học quá dài giảng viên không tạo ra sự động lực để sinh viên tiếp thu kiến thức,0
quán ăn phục vụ rất kém!,0
chất lượng tốt mềm dùng rất thích,1
giảng viên này không thể tích cực đọc hiểu phản hồi của sinh viên,0
Hàng cùi bắp giá đắt. Lại còn nhái iphone để loa bên dưới nữa.,0
chất lượng sản phẩm tuyệt vời thời gian giao hàng rất nhanh shop phục vụ rất tốt rất đáng tiền đóng gói sản phẩm rất đẹp và chắc chắn,1
tay áo rộng dã man ko sửa đc luôn :pensive_face:,1
các tòa nhà trong khuôn viên trường rất đẹp và sạch sẽ,1
muốn hun muốn ngắt muốn nhéo muốn tán vào cái mặt nó ghê yêu vãi ?,1
dăm ba cái nồi này sao nấu ngon bằng cơm điện nhà tao được kaka,0
anhchị thật sự rất giỏi giang và có tâm,1
dày dặn ôm body tốt dùng cho mấy mẹ sinh xong or người lớn có bụng nhoa:smiling_face_with_hearteyes::smiling_face_with_hearteyes::smiling_face_with_hearteyes:,1
áo may tuột đường chỉ từa lưa dơ nữa chứ,0
nó quan tâm mày là lúc nó cô đơn quá và mày vô tình đi ngang đời nó thôi,0
IP7 mà không nâng cấp Camera với thời lượng Pin thì khả năng sẽ lại thê thảm như SE. So với Note 6 thì thua toàn tập.,0
hàng đẹp ạ có một quần loại khác mình ko thích lắm,1
chất nóng nói chung ko ưng,0
thầy là một người rất đáng kính và tận tâm với công việc giảng dạy của mình,1
chương trình giúp tôi học cách áp dụng kiến thức vào thực tế công việc,1
áo cực mát vải mịn,1
chất lượng sản phẩm tuyệt vời chất lượng sản phẩm tuyệt vời chất lượng sản phẩm tuyệt vời chất lượng sản phẩm tuyệt vời chất lượng sản phẩm tuyệt vời chất lượng sản phẩm tuyệt vời rất đáng tiền rất đáng tiền rất đáng tiền rất đáng tiền,1
could be better,0
vai ao sơ mi hơi mong nhưng vân đep nhe,1
mong muốn đổi lại cũng không cho,0
đồ không như mong đợi,0
gà này cho chó ăn mà bọn mất dậy vì tiền nó giết chết dần chết mòn con nhà nghèo địt bố bọn mắt dậy,0
cũng được,1
ngồi nhìn nó ngủ cũng thấy dth vler đừng nói cười :relieved_face:,1
kiểu đẹp y hình,1
thầy luôn đặt quyền lợi của học viên lên đầu tiên khi giảng dạy,1
li thân sau may to qua,0
quá hụt hững vì cuộn nilon nhỏ và dài cỡ ngón tay,0
phú thọ tởm quá,0
họ rất kiên nhẫn và nhiệt tình giúp đỡ sinh viên,1
số lượng sinh viên trong các môn học có thể làm giảm chất lượng giảng dạy,0
khuôn viên của trường có nhiều cây xanh tạo không khí trong lành và tốt cho sức khỏe của sinh viên,1
đóng gói sản phẩm rất đẹp và chắc chắntuy nhiên k hai long vê chảt vai cho lắmm,1
soi mà không đủ tiền mua thì soi làm gì,0
quần đẹp hơn mong đợi thanks shop nhé!,1
cô ấy không hề quan tâm đến bạn bè và thành viên trong nhóm,0
vải khá ổn,1
giao sai màu ko giống hình khó chịu nhất là mình nt rất nhiều mà shop ko hề trả lời lại 1 chữ nào,0
ko tra lơi câu hơi cua khach,0
anh ta rất thông cảm và luôn có cảm giác chia sẻ với những người xung quanh,1
chât phu hơp vs gia tiên noi chung la nhân xong rât la ưng,1
shop gói hàng rất có tâm 5sao cho shop nhưng 2sao cho sản phẩm nên mình để 4 sao,1
chạy ngay đi :face_screaming_in_fear::face_screaming_in_fear::face_screaming_in_fear: sợ quá,0
rất tiếc,1
tôi thích cách giảng dạy vận dụng mô hình usa giúp tôi tiếp cận với phương pháp tiên tiến nhất của giáo dục,1
149k,1
thật là một sự mỉa mai,0
chẳng lẽ mình trả lại hàng,0
nói chung là tốt :,1
hàng dao khác với hình trên mạng,0
nhà ăn của trường thiếu tiện nghi đồ ăn hạn chế và chất lượng kém,0
màu áo k được đẹp như hình tuy 2 lớp nhưg vải cũng k dày lắm nhìn thấy cả hình bên mặt trong áo,0
1m55 46 kg mà mặc ko vừa hình như tke cho hs tiểu hoc,0
đằng này nt k thèm check,0
riêng về giao hàng thì có thái độ cáu gắt với khách,0
per ông này ác thật con bé nó van xin thế rồi,0
so vs giá tạm chấp nhận dc,1
nên chát kĩ hỏi shop về sp,0
vải thô cứng,0
chương trình học dễ dàng tiếp thu với các sản phẩm đồ họa thưởng thức rất đa dạng,1
bi lỗi ống quần ống to ống nhỏ!,0
48kg mà size s chật ko mặc dc,0
bực ơi là bực luôn!,0
học viên được khuyến khích thực hiện các dự án sáng tạo mang tính đột phá và ứng dụng cao,1
màu sắc tái tái,0
kho sai wa,0
mua 3 bộ sz l mà 1 bộ sz m cắt mác dán sz l,0
chị ấy không thể giúp đỡ tôi khi tôi được yêu cầu,0
đưa lên để nhận đồng cảm à ? họ sai họ chịu phạt còn người ta đỗ xe như thế bạn chả có quyền gì đuổi người ta cả bỏ dần tư tưởng đường trước cửa nhà ta là của ta đi,0
tài liệu mật mà mày cũng biết à :grinning_squinting_face: max xạo lờ,0
sau 1 thời còm men dạo khắp muôn nơi cháu đã lên được fan cứng rất rất cứng :grinning_squinting_face::grinning_squinting_face:,1
hàng đẹp nhưng mà to qua e vẫn chưa mặc vừa,1
học phí trong trường quá cao không đáp ứng được sự tài chính của sinh viên,0
áo bt chất khá xấu đóng gói sản phẩm chắc chắn,0
giáo viên sử dụng phương pháp giảng dạy hiệu quả,1
chất lượng được nhưng hàng bị rách tuột chỉ,0
shop phục vụ rất tốt:,1
mình tưởng 1 miếng ai ngờ shop gửi 5 miếng,1
shop trả lời tin nhắn chậm,0
phòng máy tính của trường vô cùng tiện nghi và tốc độ kết nối internet nhanh,1
óc chó đi dậy đời,0
giảng viên giúp các sinh viên học được kiến thức đa dạng và thực tiễn,1
thiếu sự đổi mới trong cách giảng dạy và nội dung học,0
thầycô đã truyền đạt kiến thức rất chi tiết,1
chương trình học giúp tôi trở thành một chuyên gia trong lĩnh vực của mình,1
hệ thống điện nước đảm bảo ổn định và hoạt động tốt,1
giá lại ok nữa,1
đóng gói sp cũng sơ sài,0
rất ưng luôn á,1
chương trình học giúp tôi phát triển kỹ năng làm việc trong môi trường đa dạng và đa văn hóa,1
họ giữ được sự bình tĩnh và kiên nhẫn trong các tình huống khó khăn,1
Dong not.la..ok minh dung 3doi not .ma qua ben ..cam on.samsung not..,1
lươt shopee nhin gia minh nghi no re vây chăc chăng ra gi,0
vải êm 50kg mặc sz s vẫn hơi rộng nhưng váy đẹp,1
bạn ấy thường xuyên phân biệt đối xử giữa những người khác nhau,1
trường có nhiều cuộc thi và giải thưởng học bổng giúp sinh viên có động lực học tập nhiều hơn,1
Xấu... xấu... xấu... quá xấu!,0
sản phẩm là nan 1 400g mà sao khi ktra mã vạch lại ra loại 800g ạ,0
sẽ ủng hộ shop tiếp tục trong thời gian tới nữa :grinning_squinting_face: wait for me,1
thời gian giao hàng rất nhanh chât lương kem,1
nhìn áo hơi cũ 1 chút nhưng vẫn vừa ý :,1
anh ta là một người tự tin và dám nói lên ý kiến của mình,1
buồn cười vãi ý,1
sản phẩm được so với giá,1
giao hàng rất lâu,0
nói chung giày tệ quá so với quảng cáo,0
đm thế giới này toàn nói thật thì công nhận nhạt nhẽo vãi,0
thầy giảng dạy rất suôn sẻ và linh hoạt trong việc chuyển đổi giữa các môn học,1
per đáng sợ vãi,0
như dẻ lau nhà,0
chất len tăm hơi dão,0
tại sao không áp dụng khoảng 2 điều 320 luật hình sự 2015 phạt tù từ 3 10 năm về tội hành nghề mê tín dị đoan gây ảnh hưởng xấu đến an ninh trật tự và an toàn xh mà chỉ phạt con mụ đó 5 triệu đồng ? hay là vong đòi phạt hành chính 5tr thôi :grimacing_face:,0
một số đồng nghiệp của tôi luôn cố gắng để gây ảnh hưởng và thuyết phục tôi theo họ,0
tôi thực sự cảm kích về những trải nghiệm tuyệt vời mà tôi được học tập tại trường tôi tin rằng những trải nghiệm này sẽ giúp cho tôi phát triển tốt hơn trong tương lai,1
cô giáo giửa cao tính khách quan trong đánh giá kết quả học tập,1
thầy luôn tạo ra một không khí học tập tích cực và đầy năng lượng trong lớp học,1
gửi ko đúng hàng đặt,0
sản phẩm phù hợp với giá tiền chất lượng tạm được,1
họ đều là những bạn tốt của tôi,1
thanh niên leo lên cao để theo dõi thời tiết để thông báo cho người dân đi cấy thật cảm động,1
"Tôi đang dùng con Dell XPS 14Z core i7 ram 8GB, VGA 2G. Máy thì không vấn đề nhưng mấy cái cao su viền màn hình lởm quá. Dùng khoảng 4 năm mà mấy cái su đó giờ bị thoái hóa cứ mục đứt nên nhìn cái viền màn hình như cóc gặm.",0
đúng là vàng trắng nhưng mà trắng tay :,0
chất lượng len tốt,1
xem video nay sao mà sướng hết thằng người,1
khu vực tập thể dục của trường không có nhiều hoạt động tập thể dục cho sinh viên,0
hàng quá đẹp lần sau ủng hộ tiếp ạ :face_with_tongue::face_blowing_a_kiss::face_blowing_a_kiss::face_blowing_a_kiss::face_blowing_a_kiss:,1
rộng khiếp chả mặc đc,0
ai ở gần đó xin hãy giúp chú thương chú,1
phương tiện đi lại và giao thông chưa được tốt,0
chấp nhận được ạ,1
chương trình đào tạo được thiết kế dựa trên nguyên tắc giáo dục toàn diện,1
thời gian giao hàng rất nhanh vải đẹp,1
tôi rất thích những khu vực xanh trong trường chúng giúp tôi cảm thấy thư giãn và giảm stress,1
tôi rất tự hào khi làm việc và học tập với một người như bạn đó thực sự là một trải nghiệm vô cùng tuyệt vời,1
đóng gói sản phẩm tạm được,1
đặt tiếp cái nữa để dành!,1
chất liệu mỏng nhão,0
bán hàng có tâm,1
rất đáng tiếc,0
cô ấy là một người rất quan tâm đến người khác,0
màu không đẹp cho lắm,0
giao hàng nhanh đóng gói kĩ !,1
màu áo ở ngoài hơi tối hơn trong hình,0
ống quần hơi bé,0
giáo trình của trường còn cũ kỹ khiến sinh viên khó học tập và nắm bắt được nội dung,0
bỉm sờ thấy bị vón cục mặt bỉm bên trong bị phai màu,0
shop phục vụ rất tốt sop giao nhầm màu,1
quần rất đẹp nhưng không vừa nghe shop quảng cáo free size 57kg đổ lại nên mình mua luôn 5 cái mình chỉ 52kg mình nghĩ quần này thoải mái cho bạn nào vòng 3 dưới 85cm và cân nặng tầm 48kg đổ lại,1
size xl ma 52 kg mac k vuachat qua,0
shop nên để size khi đặt lựa chứ hàng về sz nhỏ mặc chật k thích lắm,0
thiết bị học tập tại trường này quá đắt đỏ,0
sản phẩm thực tế khác mô tả,0
các môn học về quản trị kinh doanh được giảng dạy rất tốt,1
add cứ khoe đi mai lại chặt hết như nguyễn trãi mà :face_with_tears_of_joy::face_with_tears_of_joy::face_with_tears_of_joy:,0
đẹp trai mà bị đá à,0
nhân viên quản lý trường không thân thiện và thiếu chuyên nghiệp,0
chất lượng sản phẩm tuyệt vời đóng gói sản phẩm rất đẹp và chắc chắn shop phục vụ rất tốt rất đáng tiền thời gian giao hàng rất nhanh,1
sao con lừa này shop ko cho pin luôn,0
giao hàng nhanh đóng gói sp đẹp,1
chỉ 1 vãi nhỏ th mà niềm vui quá lớn 3,1
the campus has disabled access to all areas for students who require it,0
chị ấy là một người rất đặc biệt và đáng yêu,1
chuẩn ko có cửa so với note. và note năm nay sẽ phá ki lục doanh số.note sẽ bắn đc bằng 1/10 ip7 nhỉ.,0
có vẻ coi lòng tự trọng nhân cách và tinh thần của người ta rẻ mạt ngồi tù 7 năm đáp lại 1 lời xin lỗi và 200tr :weary_face::weary_face::weary_face:,0
vòng trông cũng được nhưng hạt gỗ hơi méo tý không được tròn và không có mùi thơm như quảng cáo nhưng đeo rất đẹp nói chung ok,1
thấy hơi sợ sợ rồi đấy :,0
1 từ nhạt :slightly_smiling_face:,0
đăng là hàng nhập hồng kong mà tệ ơi là tệ,0
hai bác học nghiêm túc ghê :,1
hôm sau chúng nó lại hoành hành từ ngày này sang ngày khác như thật vậy,0
tuy nhiên khi mình mua xong mới để ý là từ 45kg tới 55kg mặc mới vừa,1
tôi cảm thấy bị chê bai và không được tôn trọng với giảng viên này,0
không đúng màu như đã chọn,0
per tìm tao con nhện này con này lãng mạn coá,1
nhóm của họ không đưa ra kế hoạch rõ ràng cho một dự án nhất định,0
số lượng sinh viên quá đông không thể đáp ứng được nhu cầu giảng dạy riêng lẻ của từng học sinh,0
đặt sz 38 nhưng trên áo là sz 36 may ko quá chật,1
đóng gói sản phẩm rất đẹp và quần đẹp,1
giao ko đung hàng,0
khoa học và công nghệ được giảng dạy rất tốt tại trường,1
trường có nhiều công trình kiến trúc nổi bật và đẹp mắt góp phần tạo không gian lý tưởng cho sinh viên học tập và sinh hoạt,1
áo đẹp chất đẹp gói hàng đẹp dễ thương,1
học kỳ này tôi chọn được giảng viên vô dụng nhất rồi không thể chịu nổi,0
chất lượng sản phẩm rất kém vải ko giống hình mặc vào rất ngứa kém rất không đáng tiền,0
các khu vực nghỉ ngơi và giải trí cho sinh viên được bảo quản và chăm sóc rất tốt,1
sáng quắc,0
hang nhan nheo ko doi hang cho khach hang ko co tem,0
chẳng ai biết và riêng mình càng không muốn biết !,0
giận ngược lại rồi giận luôn chứ có huề đéo đâu :,0
thầy cô không đáp ứng được khả năng học tập của sinh viên,0
giảng viên này sử dụng rất nhiều tài liệu đa dạng để giảng dạy chủ đề,1
shop phục vụ rất kémáo ko đẹp như hình,0
trường đầu tư nhiều vào các thiết bị an toàn môi trường,0
sp cũng tạm dc,1
rất không đáng tiền thời gian giao hàng rất chậm chất lượng sản phẩm rất kém,0
xã hội giờ nguy hiểm quá có khi cái con mẹ kia mới là người có ý định bắt cóc trẻ con ấy chứ hoặc chỉ một câu trêu đùa quái ác như thế cũng đủ mệt,0
tao đã từng bị gào thét không 1 ai quan tâm 1 lũ hơn chục thằng con trai đến bây giờ nhìn mặt lại từng thằng tao vẫn căm hôm đó tao xuýt chết đuối đmm lũ lol nghiệt súc ấy vẫn chưa bị quả báo,0
trường không có đủ giáo viên cho số lượng sinh viên đăng ký các khóa học,0
thầy luôn hỗ trợ sinh viên trong quá trình học tập,1
mau ma spham depchat luong vai kha tothop voi gia minh muagiao hanh nhanh chong,1
vai xâucưngdinh đen ko giăt đcnt shop ko tra lơiship cao băng tiên mua ao,0
quá mỏng,0
cưng xỉu ?,1
chương trình giáo dục giúp tôi có được cái nhìn tổng quan và chi tiết hơn về ngành học,1
áo bị nhòe chữ,0
phòng học quá ồn ào không thể tập trung,0
hộp giày móp méo,0
chất lượng kém mình vẫn nhận hàng và kh trả,0
váy siêu đẹp luôn ạ :red_heart: mỗi tội mặc hơi chật một chút :loudly_crying_face:,1
thầy rất sáng tạo trong cách dạy và giảng dạy,1
môn học sẽ không đem lại nhiều giá trị cho sự nghiệp sau này của sinh viên,0
hàng gói cẩn thận sản phẩm nguyên vẹn không bị lỗi,1
chất lượng sản phẩm tuyệt vời găng tay đẹp cơ mà mùi nhựa quá ạ,1
hơi bị fail phần mũi giày còn lại đều ổn,1
chất lượng sản phẩm tuyệt vời đóng gói sản phẩm rất đẹp và chắc chắn shop phục vụ rất tốt thời gian giao hàng rất nhanh ngoài ra còn tặng mặt nạ nữa,1
chất đẹp giá hợp lí,1
sản phẩm đúng mô tả,1
con cũng k bé như t tưởng tượng,1
chất lượng phù hợp với 34k,1
sản phẩm tốt nhưng ship sai màu,1
shop nhiệt tình tư vấn giao hàng nhanh vải đep nha,1
giảng viên của tôi quá khó tính khi đối mặt với học sinh,0
áo đẹp nhưng may hơi chặt vòng ngực nhỏ như mình mà mặc còn bị kích ko biết mấy nàng ngực bự mặc sao nữa,1
chúc sk pun may pan đắt tks sk rất nhiều,1
mỗi lần quyết tâm bỏ mà lại thấy cười đm đời,0
Ngày xưa mình hay đợi iphone mới ra mua bây giơ iphone không còn thu vi nữa... đang sài s7 edge rất thích mà giờ thấy NOTE 7 ngon wa chất phải đổi nữa wa...,1
đẹp lắm shop ạ,1
sự giảng dạy chuyên nghiệp giúp tôi tích lũy được nhiều kiến thức,1
giảng viên này cũng thường xuyên stress và giả vờ việc cá nhân của mình để dạy học,0
áo đẹp chất liệu oke mặc in ng chất lượng sản phẩm tuyệt vời,1
mình đặt 3 bộ và có 1 bộ cúc áo bị lệch,0
có vài chỗ sét nhưng vẫn đánh giá cao vì shop nhiệt tình,1
anh ấy giỏi giao tiếp và có khả năng thuyết phục người khác,1
tặng shop ngàn sao luôn nếu có,1
chương trình học đầy đủ và mang tính thực tiễn cao,1
các phòng máy tính của trường có máy tính đủ mới nhanh nhạy giúp sinh viên tiện hơn trong việc tìm hiểu trên mạng,1
cảm ơn shop thời gian giao hàng rất nhanh,1
đừng có xàm lồn trên này,0
áo mỏng đường chỉ ko đẹp áo có vết bẩn nữa,0
thầy rất tận tâm với công việc giảng dạy của mình,1
đó là những cô gái cần được bảo tồn vì biết lo nghĩ đến thứ anh ta đang nghĩ,1
trong hình nhìn nhỏ vừanhận hàng hk giống hình,0
thời gian sửa chữa cơ sở vật chất và các thiết bị quá lâu,0
đánh bố mày như này xem bố túm được 1 con bố xiên chết cụ mày,0
chất lượng đợi thời gian sử dụng mới biết,1
rât tuyêt vơi,1
thái độ phục vụ tốt,1
vải đẹp lắm ạ,1
chất và phom ko đep,0
sao đũy đó có thể mập được vậy nhỉ,0
nhầm màu quá buồn,0
các buổi hội thảo và tọa đàm thường được tổ chức để giúp sinh viên tìm hiểu nhiều hơn về ngành nghề của mình,1
mong shop lần sauomo tả rõ hơn,0
anh bạn là người có tài năng quản lý nhóm và xử lý tình huống khó khăn,1
hộp đã bị khui mình mua tặng bạn và ship đến nơi bạn mình làm để nhận được tin nhắn không hài lòng đó giờ mình chưa bao giờ đánh giá shop nào tệ vậy đâu nhưng shop nên xem lại sản phẩm bên shop,0
quay quay cái lồn thấy bị bắt nạt thì ra nói một câu bảo vệ người ta có khi tối về lại có người nằm ôm cứ cầm điện thoại pin với chả không pin,0
cơ sở vật chất của trường quá cũ kỹ và bị lỗi thời,0
đáng tiền nhưng phí ship thì hơi cao,1
tôi sẽ không bao giờ muốn đăng ký khóa học bất cứ lúc nào nữa khi phải đối diện với những cơ sở vật chất như thế này,0
đế dán keo nhìn ko chắc lắm thời gian giao hàng nhanh,1
hàng bị lỗi liên lạc vs shop đổi hàng nhưng ko đc giải quyết ổn thoả nhắn tin shop ko thèm trả lời ko hài lòng,0
thời gian giao hàng rất nhanh chất lượng sản phẩm tuyệt vời shop phục vụ rất tốt rất đáng tiền ok xài ngon cho 5,1
áo như ảnh,1
tôi cảm thấy rất chán với việc phải đến trường mỗi ngày vì không có đủ nhà ở sinh viên nào cho tôi ở gần trường,0
chất vải nóng form áo rộng kinh khủng rất không đáng tiền thời gian giao hàng rất nhanh,0
mới nhận hàng chiều nay quần vải dày đẹp,1
chọn công trình nghiên cứu không phù hợp với nhu cầu và sở thích của sinh viên,0
gần nhà tao lại chẳng còn sót lại anh nào huhu,0
giáo viên đưa ra các bài tập và dự án phù hợp với chuyên ngành của sinh viên để giúp họ tạo nên kỹ năng chuyên môn tốt nhất,1
đc 3c áo mỏng dính,0
đưa mã hàng bắt đọc tên và số đt xong nói bù thêm 109k,0
vải quá mỏng chất lượng sản phẩm tạm được,0
số lượng buổi học mỗi tuần quá ít so với khối lượng kiến thức,0
giao hàng nhanh chóng anh giao hàng dễ thương shop đóng hói đep,1
chất lượng sản phẩm tuyệt vời nhân viên ship hơi lâu tí thôi chắc do bên vận chuyển,1
xoá mẹ nó đi pr cho nó làm gì,0
vảy dày đẹp rất đáng tiền,1
sản phẩm đúng như mô tả rất đẹp giao hàng nhanh :thumbs_up:,1
đầm rất đẹp,1
vải đẹp,1
rất vui khi được trải nghiệm một trường học tuyệt vời như vậy,1
tao tưởng nó té cái đùng chứ làm ngồi chờ mãi mỏi cả mắt,0
ui nghe ấm thế,1
mua hàng ở shop k bao giờ phải lo về chất lượng giá cả,1
shop nên quân quanh chai sưa gao băng mây miêng bong hơi đê vưa sach ma vân an toan,1
chất lượng sản phẩm rất kém mới gởi về hư card đóng gói sản phẩm rất kém thùng máy tính bị bể,0
hơi rộng n vải đẹp,0
hàng kém chất lượng,0
nó cũng làm thế với bao người khác đấy,0
chất lượng sản phẩm kémvải thô,0
áo đẹp vải tốt giốg hình như chữ in k phải chữ thêu :smiling_face_with_smiling_eyes::heart_suit:,1
các phòng học máy tính tại trường có đủ thiết bị và software mới nhất để giúp tôi học tập,1
mình mua sp còn được shop tặng thêm món quà nhỏ rất dễ thương,1
những hành động đẹp đáng được trân trọng và sẽ được lan tỏa ở mọi nơi thật tuyệt vời :smiling_face_with_hearteyes:,1
đóng gói kĩ lưỡng hàng chất lượng!,1
áo ok,1
thấy nó sao sao. thà mua A6000 không thì lên dòng anh bãy ff hơn là con này,0
chơi ngu vừa thôi mày,0
họ có tầm nhìn xa và biết cách sử dụng kiến thức của mình để giải quyết vấn đề,1
váy đẹpchất đẹpform đẹp và ngày hôm ấy mình ăn mặc cũng đẹp,1
chất lượng sản phẩm tuyệt vời đóng gói sản phẩm rất đẹp và chắc chắn mình sẽ tiếp tục mua sản phẩm của shop,1
per chán quá,0
chất lượng sản phẩm tuyệt vời đóng gói sản phẩm rất đẹp và chắc chắn shop phục vụ rất tốt giao hang lau,1
quần hơi mỏng đóng gói sản phẩm chắc chắnquần rộng quá,0
Con này mà cầm lên chụp hình k cần biết chất lượng thế nào đã khen đẹp rồi,1
có quà có quà thích quá shop ơi tk shop,1
per hồi ở tam kì hay nghe giờ nghe lại buồn ds,0
bên trong có xốp nx đẹp quá đi:red_heart: chất lượng sản phẩm tuyệt vời,1
quán này chắc không đông đang ăn mà thấy có mà ói,0
lại còn đc mã giảm giá nữa chứ,1
quần mặc rộng hơn mình nghĩ ko ôm lắm khi mặc bị cuộn thừa,0
ngày đéo nào cũng đòi người yêu sinh nhật bác hồ hay quốc khánh cũng đéo thấy tha :confused_face:,0
nói chung thánh này không ai ghét được trừ hlv kkk dễ thương gắp trăm thằng pogba mong cho thằng đó nhanh biến khỏi mu,1
mình thấy cũng được nhưng bao bằng nhựa giống da chứ đâu phải bằng da thật,0
chất lượng là tuyệt vời,1
thầy chia sẻ những kỹ năng học tập quan trọng trong cuộc sống và công việc,1
chữ hơi bị mờ phần đầu,0
vãi mỏng quásp cung được,0
mẹ mấy tk chê này chê nọ thử chạy 5 vòng sân bóng đá đi đã rồi hãy phán người khác,0
tôi rất thích hệ thống thư viện của trường mang lại cho tôi nhiều kiến thức mới,1
thầy cung cấp các tài liệu học tập rất hữu ích cho sinh viên,1
chưa thử nhưng sờ chất đẹp là đã ưng rồi:red_heart:,1
đóng gói sản phẩm rất đẹp và chắc chắn chất lượng sản phẩm tuyệt vời nhưng hơi không vừa vì hơi rộng,1
đặt màu trắng nhưng giao màu đen,0
hơi ngắn vải thường,0
tôi thích giảng viên này vì cô ấy luôn đưa ra một cách tiếp cận đối với khi sinh viên không hiểu được,1
các khu vực để giải trí trong trường rất đầy đủ và thuận tiện,1
chất lượng sản phẩm rất kém áo bẩn,0
bọn này đóng điện cho nó đi luôn giữ làm gì cho chật đất,0
giảng viên này không hề đáp ứng được nhu cầu của sinh viên làm cho họ quên nhiều điều,0
người bạn của tôi đôi khi thật là tự ái và ngông cuồng,0
giống hình nhưng vải hơi nhăn chất lượng sản phẩm tốt chất lượng sản phẩm tốt đóng gói sản phẩm chắc chắn,1
dm đạp xe đã mệt lòi cứt ra xong còn hỏi hỏi cái beep,0
giảng viên tạo ra một môi trường học tập thân thiện,1
tôi rất biết ơn vì có một giảng viên tận tâm và đưa ra nhiều lời khuyên hay cho tôi,1
rất ưng ý vs sản phẩm cho shop 5sao,1
cạch tới già,0
shop phục vụ rất,1
mức độ phân tán của môn học quá lớn không đảm bảo sự tập trung cho từng môn học,0
nhìn ảnh mẫu có vẻ dài n nhận z thấy hơi ngắn,0
vải rất ok chất lượng sản phẩm tuyệt vời đóng gói sản phẩm rất đẹp và chắc chắn shop phục vụ rất tốt shop phục vụ rất tốt rất đáng tiền rất đáng tiền,1
tôi cảm nhận mình đang được chăm sóc kỹ lưỡng tại đây,1
đc shop lì xì nữa,1
hàng đẹp :red_heart::red_heart::red_heart::red_heart::red_heart:,1
quá nhiều học sinh trong lớp,0
đóng gói sản phẩm rất kém ghi tặng kèm kẹp dây sạc điện thoại cũng k thấy luôn,0
lead mới vô nghề còn non thì tuổi lol gì chống lại lead lâu năm,0
chất lượng sản phẩm tuyệt vời đóng gói sản phẩm rất đẹp và chắc chắnhàng y hình rất đẹp,1
hình in ko dc sắc nét lắmp,0
hàng giong hinh,1
shop gửi thiếu đồ nhắn tin thì không nhận được phản hồi,0
tài liệu học tập không đầy đủ không thuận lợi cho quá trình học tập,0
rất đáng tiềnở ngoài đẹp hơn trên hình luôn :face_blowing_a_kiss::face_blowing_a_kiss::face_blowing_a_kiss:,1
khi nào có người mang trầu cau sang hỏi cưới thì tao kết hôn hỏi thừa thế :unamused_face:,0
giảng viên này thường đưa ra các ví dụ không liên quan đến các bài học của anh ta,0
áo hơi nhỏ so vs ng dưới 40kg chất lượng sản phẩm tốt đóng gói sản phẩm chắc chắn thời gian giao hàng nhanh,1
lùn lùn làm sao sống qua nổi những chuyến đi phiêu lưu như vậy,0
màu cam với đỏ thì ổn nhưng xanh thì chất như áo mưa vậy :crying_face: còn có mùi khó chịu nữa hic,0
thầycô có khả năng truyền đạt năng lượng tích cực cho lớp học,1
đã mua 2 túi,1
xem tới xem lui không biết bao nhiêu lần nhưng đều có cùng cảm xúc mỗi lần xem lại một bộ phim tuyệt vời :thumbs_up:,1
chất lượng sản phẩm tốt với mức giá,1
tôi cảm thấy lo lắng về việc giảng viên này có thể làm mất niềm tin của tôi vào môn học,0
các khoá học đều mới nhất và theo xu hướng của ngành,1
mua size to nhất mà mình bầu 5 tháng 51kg ko vừa bụng bỏ uổng quá,0
sao không cho con già đấy mấy cái vào mõm cho vỡ cái nó mõm chó luôn,0
chương trình học có tính ứng dụng cao và thực tế tôi cảm thấy rất hứng thú,1
bộ giáo trình phát triển được để đáp ứng nhu cầu của các công ty hàng đầu trong ngành,0
khu vực để xe không đảm bảo an toàn,0
chị chủ nhiệt tình dễ thương lắm luôn :red_heart:,1
giao trùng màu không được nhiều màu như hình chụp,0
vải đẹp hơi dày nhưng ko nặng tay lắm,1
mua 2 đôi giày size 38 của shop mà đôi này đi bị chật đôi còn lại thì rộng hoác cả 2 đôi đều không dùng được,0
thầy quá cứng nhắc và khó tính không phù hợp với sinh viên năng động,0
sinh viên này quá khó ưa và không bao giờ gần gũi với người khác,0
hàng rất ok,1
áo đẹp nhưng tay áo bị lỗi,1
thầycô giảng đưa ra kiến thức phong phú và đầy đủ,1
the campus has sufficient facilities that students can utilize,1
màu đậm hơn hình với đường chỉ may rất xấu,0
thiếu sự hỗ trợ từ trường đối với sinh viên trong quá trình học tập,0
thời gian giao hàng rất nhanh trong hộp ko thấy phiếu bảo hành ko biết mai mốt nếu có trục trặc thì sao,1
bọn óc vật :slightly_smiling_face: đụng vào con cháu nhà tao thử,0
mặc ngứa ngáy khó chịu như bị kiến bò,0
tôi rất hài lòng với việc trường cung cấp các khoá đào tạo miễn phí cho sinh viên,1
áo ngắn cũn như áo trẻ con,0
quần đẹp vải mềm mua cho mẹ cứ tưởng chật mà cuối cùng vừa vặn mỗi tội vải ko co giãn nên mẹ e cũng ko ngồi được xuống cơ mà chả sao vì mẹ e ko bao giờ ngồi xổm đóng gói siêu cẩn thận mở cái bọc mà toát mồ hôi :grinning_face_with_sweat: shop rep ib nhiệt tình 5 :smiling_face_with_smiling_eyes:,1
soạn hàng đủ đúng phân loại mua 19 món ưng ý hết 19 :heart_suit:,1
trường có nhiều chính sách ưu đãi cho các bạn sinh viên đang có hoàn cảnh khó khăn,1
học phần quá khô khan và thiếu sự thực tiễn,0
lớp học với thầycô có một không khí rất tích cực,1
mình không thể hợp tác với người đó vì cảm thấy chúng ta không có chung quan điểm,0
dây mêm đep đeo ôm tay,1
đụ thế kia thì có khác nào mua cái bánh mà bị đứa bán hàng nó tạt cho gáo nước lạnh đâu :face_with_rolling_eyes:,0
thầy giáo có kỹ năng dạy học chuyên nghiệp và tổ chức lớp học tốt,1
rất đáng tiền thời gian giao hàng rất nhanh shop phục vụ rất tốt đầu bút mềm viết rất thích thỉnh thoảng dùng lineart cũng rất ok :3,1
tuy nhiên máy mình gồm chuột bàn phím rời sạc dell nên hơi chật,1
makeup thời gian ngắn thì ok,1
học từ bỏ những thứ trời không cho nói thì dễ nhưng nhiều lúc quyết tâm lắm vẫn không làm được :crying_face::crying_face::crying_face:,0
gói hàng hết hạn,0
các lớp học được xây dựng đồng đều về mặt kiến thức và trình độ,1
tuy nhiên do lần đầu order đơn hàng của mình bị sót nên mình rất thất vọng,0
tôi không muốn viết báo cáo không đúng sự thật nhưng giảng viên này dở hơi và nhàm chán,0
cấp 1 đi học cũng gặp bọn quái đản này,0
gom quần nhỏ hơn bt,0
cảm thấy rất ko hài lòng vì mình đặt size xl mà tất cả sản phẩm nhận được đều size l,0
thả chó rông không rọ mõm cắn người là tội ác,0
per thể loại mới nè có vẻ phê,1
per sau hôm sinh nhật là có cái này ngon vãi,1
và chất vải cũng k đáng mong đợi cho lắm,0
quần mặc chiều dài vừa tầm mình 1m57,1
giáo viên thường xuyên cho những câu hỏi khó đáp không có liên quan đến môn học hiện tại,1
không có hàng nhưng shop đã gửi tiền lại cho mình,1
thiếu đèn chiếu sáng trong phòng thực hành,0
fb : phạm võ,1
gửi sai màu không hài lòng về chất lượng sản phẩm sản phẩm không giống với mô tả,0
chất xấu lớp lót bên trong quá ngắn ko giống như ảnh mẫu,0
mùi hơi nhẹ,0
chị ấy rất vui vẻ và thông minh,1
thời gian giao hàng rấtnhanh h rất đáng tiền,1
phòng học được thiết kế đặc biệt để học nhóm giúp sinh viên làm việc với nhau dễ dàng,1
áo lấy dề đã thấy bị sước móc chỉ tùm lum như là áo mặc r,0
max đẹp chất lượng sản phẩm tuyệt vời đóng gói sản phẩm rất đẹp và chắc chắn thời gian giao hàng rất nhanh rất đáng tiền shop phục vụ rất tốt,1
"Hic, mình đã mua, sử dụng hơn 1 tuần thì xảy ra vấn đề lỗi khá nghiêm trọng sau 2 ngày này, giấc ngủ nó không theo dõi nữa, báo là không có data, nhục hơn là nó bị khùng nhập vô thông tin bước đi, trong lúc mình ngủ, nó báo mình đi cả 2 km, vãi đạn, chán ghê Các bro xem lỗi ở đây nhé https://goo.gl/photos/DfXh6yKUgsXzQrWB6 hic, có ai bị giống mình không?",0
đội ngũ giáo viên chưa đạt chuẩn chuyên môn và trình độ giảng dạy,0
áo mặc nhe không nhăn đỡ nhiều thời gian giặt giữ,1
tôi thấy giảng viên này là một người đầy tình cảm và có tâm huyết với công việc của mình,1
minh mua tiếp,1
chất lượng sản phẩm tốt đóng gói sản phẩm chắc chắn shop phục vụ rất tốt,1
tôi đã nhân đc hàng nhưng k đúng mẫu tôi đặt trong hình,0
chị ấy là người luôn giúp đỡ mọi người xung quanh,1
chất lượng sản phẩm tuyệt vời đóng gói sản phẩm rất đẹp và chắc chắn chất lượng sản phẩm tuyệt vời chất lượng sản phẩm tuyệt vời chất lượng sản phẩm tuyệt vời chất lượng sản phẩm tuyệt vời chất lượng sản phẩm tuyệt vời chất lượng sản phẩm tuyệt vời chất lượng sản phẩm tuyệt vời,1
tôi rất cảm kích sự tận tâm của thầy trong việc giảng dạy,1
họ có tinh thần nghệ thuật và đam mê với các hoạt động nghệ thuật,1
giao hàng tiêu chuẩn,1
trường có nhiều khu vực để sinh viên thư giãn trong giờ nghỉ,1
form áo nhỏ hơn so với kích cỡ thông thường,0
yêu và ung hộ shop,1
con người chứ có phải con cặc đâu mà để nói hoài,0
giáo trình không cập nhật với cuộc sống hiện tại,0
khi bạn ngu tất cả các lĩnh vực như toán học văn học nhưng vẫn cố tỏ ra nguy hiểm,0
chưa hề nhận được hàng,0
per cú này hoành tráng hơn bệnh nhân của anh luôn nè,1
giáo viên rất nhiệt tình và cởi mở với học viên giúp họ phát triển tốt nhất,1
chẳng hiểu sao tao cười sặc sụa,1
áo đẹp shop phục vụ rất tốt,1
qua tệ,0
giảng viên nên cập nhật các công nghệ mới nhất để làm giảng dạy tốt hơn,0
toc it qa,1
cực kì bản lĩnh lẫn liều lĩnh,1
chất lượng sản phẩm tuyệt vời thời gian giao hàng rất nhanh thời gian giao hàng rất nhanh rất đáng tiền,1
so với giá tiền thì ổn,1
minh nhân đc hang quân ko ok bi rach,0
hơi rộng nhưng được cái vải đẹp vô cùng đáng giá tiền,1
cô ấy là một người giám đốc tài ba có khả năng lãnh đạo tốt và đưa đội nhóm đến thành công,1
dịch vụ nhanh chóng tốt,1
shop cũng linh hoạt tư vấn nhiệt tình,1
hệ thống giáo dục không đủ linh hoạt để đáp ứng các nhu cầu học tập của sinh viên,0
thôi mấy bác bị dắt mũi rồi nghe đến đoạn au mobile là biết nó quảng cáo game trá hình rồi như con cặc,0
chất len ko đẹp,0
thầy không đồng ý với những ý kiến được đưa ra bởi học sinh khác,0
thất vọng !,0
per :v tại nhiều nơi đổ về nên đông lại càng đông biết lối tắt thì còn đỡ chứ không thì mệt lắm,0
chất lượng kém,0
ý không để shop chờ lâu việc nhân tiền!,0
áo k ôm như giới thiệu,0
vải rất xấu,0
giống hình nhưng vải mỏngtiền nào của nấygiao hàng nhanh,0
con sâu làm rầu nồi canh tuyệt đối không có chuyện,0
tôi không thích phong cách giảng dạy của giảng viên này vì nó rất khó hiểu,0
thế mày lại ghép nhạc vào làm gì cho con bé bị tán mấy chục cái mày ác lắm,0
nạp hơi bị lâu,0
hình phạt đó quá nhẹ không có sức dặn đe kẻ khác,0
tôi cảm thấy lại ghét kẻ ụy mị và chỉ biết kẻo kế hoạch của mình,0
chứ vậy sẽ mất uy tín lắm,0
ai nói kết có hậu đầu khấc mất vợ tương lai kia kìa,0
"Đáng gờm thôi chứ không thể nào xứng tầm Surface Pro được. Chất lượng Full HD là thấp. Thiết kế màn hình có viền quá to, thời lượng Pin quá thấp đối với 1 thiết bị dạng Tablet. Pin thậm chí còn thua cả mấy con Ultrabook như Dell XPS hay Vaio T. Đã gọi là Tablet (hoặc lai Tablet) thì cũng phải được 8h pin là tối thiếu cho 1 ngày làm việc.",0
tay ngắn 1 chút đi thì sẽ đẹp hơn :,1
thầy dạy rất sâu sắc và giúp sinh viên hiểu được bản chất của môn học,1
đóng gói sản phẩm rất đẹp và chắc chắn thời gian giao hàng rất nhanh nhưng vẫn ko sáng hơn đèn zin trên xe,1
tòa nhà đẹp và hiện đại,1
cô giáo của em rất có tài giảng dạy,1
tôi không thích giảng viên này vì anh ta không có kỷ luật,0
kiểu gì chả chết ? đá to như kia thoát sao nổi ?,0
các hoạt động ngoại khóa được thiết kế rất thú vị và giúp tôi rèn luyện thêm các kỹ năng mềm,1
lại là án oan sai :pensive_face::pensive_face::pensive_face:,0
chẳng đủ dịu dàng để níu bước chân anh,0
áo rất xinh :red_heart::red_heart::red_heart: mỏng mát,1
gửi thiếu 1 quần shop bù lại bằng thẻ cào rất nhiệt tình chu đáo,1
hàng ổn nhưng shop gửi nhầm 2 cái áo,1
chương trình đào tạo của trường có tính tổng điểm và hỗ trợ sinh viên phát triển các kỹ năng tư duy,1
trường đã đầu tư khá nhiều vào truyền thông giáo dục để giúp sinh viên tìm hiểu và truyền tải thông tin một cách hiệu quả,1
per vẩy cật lực luôn,1
hết đam mua đồ ở shoppee luôn rồi,0
rất không đáng tiền chất lượng sản phẩm rất kém,0
giao hàng không đúng màu đã chọn,0
đóng gói sản phẩm rất đẹp và chắc chắnáo forrm to đẹp chất đẹp,1
trên tiêu đề shop ghi date 2020 nhưng nhận hàng date 2019,1
tôi không thể hình dung được ai lại muốn tham gia vào lớp của giảng viên này,0
mẫu mã xinh xắn nhưng thun k co giãn nên mặc ôm sẽ đau mọi người nên chọn size lớn hơn bt cho thoải mái,1
so với tầm tiền thì khá là ok,1
tôi được tiếp cận với các dự án thực tế và thú vị trong quá trình học tập,1
shop giao nhầm size yêu cầu đổi,0
vải như cái vải mùng lun :pensive_face:,0
form đẹp vải cũng ok mất cái đường may không được chắc chắn cho lắm,1
hàng gửi nhanh như 1 cơn gió,1
máy đẹp đóng gói cẩn than giao hàng nhanh nhung máy k dùng đuoc nut am luong to nhỏ nói chung chỉ có 1 lỗi nhỏ còn lại oke ạ,0
hàng đẹp đúng như hình chắc chắn,1
ren hơi thô ráp cứng,0
dè nghị khởi tố luôn những người biết mà che dấu,0
sao banh chơi dc 2 ngày thì xì bơm lên bình thường nhưng sao khoảng 2 3 tiếng lại xì,0
chất áo xấu áo không giống hình không đáng tiền,0
shop phục vụ rất tốt cơ mà nhận váy hơi thất vọng chút quá to so với mình chất vải cũng tồi : không đáng tiền,0
son chuẩn màu chất mịn có điều hơi khô,1
Chỉ có thể là BlackBerry. I love BB!,1
hơi nhỏ,0
thời gian giao hàng siêu nhanh,1
sản phẩm các khớp nối ở chân đứng thì tớ cảm thấy chút ọp ẹp nhưng vẫn hãi lòng,1
chất lượng sản phẩm kém đóng gói sản phẩm kém không đáng tiền,0
khăn ko đúng kích thước sp ghi 40 62 nhưng thực tế xhir 40 57,0
mình 43kg mua sz m hơi rộng qias lần sau mua sẽ mua sz bé hơn,1
giảng viên là người cống hiến và có tình yêu với việc giảng dạy,1
mua hang o shop duoc 2 lan gan 10 cai roi,1
bao bì gói cẩn thận,1
trường có các phòng nghỉ phòng giặt đồ rất tiện lợi cho sinh viên,1
mua giày về các b đừng vội đáh giá nó,1
hàng fake mùi rất kinh,0
áo thực tế xấu tệ ko đẹp như hình: chất giống loại vải thun để may lót trong khi trên hình thì như thun giấy,0
lâu quá mới nghe lại bài này buồn thế,0
đặc biệt hài lòng về chất lượng áo,1
chất liệu không đẹp lắm,0
thầy giáo có tư duy sáng tạo và đưa ra những bài học mới mẻ,1
nhưng đóng gói hàng ẩu,0
form và chất liệu váy đẹprất đáng tiền,1
chất lượng sản phẩm kém vải nhiều nilon mặc nóng kiểu dáng đẹp,0
hàng đẹp chất mà mình mặc hơi rộng,1
tôi cảm thấy không hài lòng với kẻ thú tính như cô ấy,0
hàng đẹp lắm ạ ủng hộ shop!,1
áo nhỏ hơn áo kia,0
thất thất vọng,0
đặt hàng giao nhằm sp ib kêu đổi ko tl,0
màu sắc ko đẹp như hình,0
chất lượng sp kém,0
bỏ qua mấy dòg chữ nhìn khuôn mặt con bé không thể nhịn cười per :,1
ác quá trời ơi,0
chất lượng sản phẩm tốt thời gian giao hàng chậm,1
per xem câu chuyện hư cấu này giết thời gian này :clapping_hands:,1
thất vọng!,0
chương trình đào tạo rất phong phú và độc đáo,1
thời gian giao hàng hơi lâu đôi khi gây ra sự ức chế!,0
giảng viên luôn đảm bảo rằng các em hiểu hết bài học trước khi chuyển sang phần tiếp theo,1
giặt không phai màu,1
sau khi thươg thuyết ko thành công thì chăn cả khách,0
chất vải dày dặn mặc vào mùa hè ko bị nóng quá đâu ạ,1
form áo xấu,0
ko giống lắmdây mũ như dây giày ýlại mỏng nữa,0
áo đẹpvải dày thun 4 chiều mặc mát và rất thích,1
áo ra màu sản phẩm tạm được,0
chất lượng sản phẩm rất kém đóng gói sản phẩm rất đẹp và chắc chắn,0
thế là dấu ấn lịch sử và hình tượng thằng gù nhà thờ đức bà của nước pháp đã thành tàn tro :,0
san pham tuy chất lượng sản phẩm tuyệt vời đóng gói sản phẩm rất đẹp và chắc chắn,1
Vote cho wiko u feel máy chạy nhanh. Cảm biến vân mượt camera ổn. Sài được 2 tháng. Thấy ok lắm,1
thỉnh thoảng lại xem lại phim này quá hay và ý nghĩa,1
đây là chiếc laptop đẹp nhất thế giới có thiết kế bản lề điên khùng nhất .quá đẹp cho 1 em mẫu cá tính,1
đúng mẫu,1
"Smartphone mà phần mềm IOS + phần cứng của SS là hết ý, miễn chê lun!",1
chất lượng khá oke nhưng đường nối chỉ lộ quá,1
áo dang chuẩn,1
không có không gian làm việc cho sinh viên,0
thầy luôn khuyến khích sự độc lập và sáng tạo của sinh viên,1
rất đag tiền,1
có 1 sp bị dơ,0
mình mua thử nhiều sp của shop và chất lượng đều rất tốt,1
tôi cảm thấy rất tự hào khi trở thành sinh viên của đại học này,1
tôi đã không có được một môi trường học tập tích cực do tiếng ồn và không gian học tập kém chất lượng tại trường tôi,0
cô giáo của em rất tận tâm với học sinh,1
cái miệng nó nhanh hơn cái não,0
phục vụ chứ đáo nữa ak,1
cô giáo đưa ra nhiều ví dụ cụ thể để giúp sinh viên hiểu bài học,1
giá chợ đêm nhưng chất lượng hàng shop,1
chương trình đào tạo không cung cấp đầy đủ các kỹ năng cần thiết cho công việc trong tương lai,0
nhưng mẫu mình nhận được khá ổn,1
"Sa Di: Khi một người dùng tỉnh táo chọn iPhone, họ chọn nó vì tính ổn định, dễ dùng, ít lỗi vặt và nằm trong một hệ sinh thái tuyệt vời. Có đột phá thì cũng tốt nhưng cái quan trọng nhất là nó hoạt động trơn tru và tích hợp tốt, từ đó giải trí, học tập, làm việc cũng thú vị, thoải mái và đạt hiệu suất cao hơn.",1
váy mặc lên rất đẹp chất vải tuy hơi mỏng nhưng mình khá ưng,1
"Thật tuyệt vời sẽ mua 3 chiếc, tặng 2 con 2 chiếc và chồng một chiếc.",1
boss dễ thương vãi lúa,1
toàn so với hình,0
vichy thì mình sử dụng rồi nên không nói về chất lượng nữa,0
bọc hàng sơ xài,0
tôi cảm thấy chương trình học của trường giúp tôi trở thành một người tự học và phát triển bản thân,1
rất êm nhé,1
đóng gói sản phẩm rất đẹp và chắc chắn shop phục vụ rất tốt rất đáng tiền thời gian giao hàng rất nhanh chất lượng sản phẩm tuyệt vời,1
thấy mấy bạn này thích tỏ ra thông minh và tài giỏi quá làm mọi người cảm thấy không thoải mái,0
mỏng mà củng ok với giá tiền,1
cậu ấy giỏi các kĩ năng như lãnh đạo truyền cảm hứng và lôi cuốn đội nhóm giúp dự án được hoàn thành tốt hơn,1
áo ngắn,0
giáo viên này rất tinh thông về các phương pháp giảng dạy mới nhất,1
vl thánh nào ghép nhạc lầy vãi,1
cho bỏ cái ngu đậu xe ẩu tả,0
chất hơi mỏng nhưng đẹp,1
thầycô thường xuyên sử dụng các phương pháp giáo dục hiện đại và sáng tạo,1
chuẩn không can chinh,1
anh lỡ mất em rồi huhu,0
vải mỏng nhẹ mát kiểu dáng đẹp nhưng cái nơ chỗ tay là dán keo dễ bung cần may lại thêm,0
anh ta là một người vui tính và dễ thương,1
hoa k phải hoa thêu như hình ma là hoa in giặt xong la hỏng hoa,0
giảng viên này cần nâng cao kỹ năng giao tiếp với học sinh để học sinh nhận được thêm sự tiếp cận và hỗ trợ,0
shop không có màu sản phẩm như mình đặt nhưng ko báo cho mình biết trước khi giao hàng,0
mỗi áo lót chưa ưng lắm hii cho shop 5 sao,1
bà mẹ nó xem rùng con mẹ nó mình hơn cả phim ma,0
sản phẩm qá to,0
được quyền tiếp cận với những công nghệ mới và tiên tiến,1
1 quần chật ko mặc được,0
chất lượng sản phẩm ổn,1
thiếu lối đi cho người khuyết tật,0
kiểu dáng được nhưng chất vải hơi nóng,0
chương trình đào tạo rất đa dạng và phù hợp với nhu cầu của sinh viên,1
hơi ngắn tí,0
tôi cảm thấy rất mong muốn học thêm nhiều khoá học khác về lĩnh vực mình quan tâm,1
tao mà ở đây là sợ rụng trứng luôn chứ đừng nói ăn,0
ưng ý 100,1
mình mua hàng nhiều nơi nhưng chưa thấy shop nào chu đáo như thế này,1
nó sale còn 225k là được rồi : lời quá còn gì mẹ mày per bình luận chi để nó nhận ra chi v :face_with_tears_of_joy:,1
kiểu ko như mong muốn,0
chân hơi to nên chọn size giày nhìn thô quá:grinning_face_with_sweat::grinning_face_with_sweat::grinning_face_with_sweat:,0
chị ấy có tầm nhìn xa và khả năng lãnh đạo tốt,1
anh ấy là một người rất thông minh và có khả năng giải quyết vấn đề nhanh chóng,1
túi gọn chất lượng tốt,1
1 bộ phim phải nói trên cả tuyệt vời xem đi xem lại cả chục lần rồi mà không ngán,1
giảng viên này toàn sử dụng giọng điệu lạnh lùng và không có cảm xúc khi dạy,0
không bằng các mẫu khác của shop dù bằng giá,0
cái cuối phê vãi,1
xe yếu khi nhận hàng thì ko còn điện cắm dạc thì điện ko vào kiểm tra thì hỏng một cục acquy,0
hàng đẹp giá rẻ,1
giáo trình xếp hạng quá cao tạo ra sự cạnh tranh quá mức,0
mọi người nên ủng hộ shop!,1
lớp học được tổ chức tốt giảng viên sắp xếp thời gian hợp lý giữa lý thuyết và thực hành,1
khu ẩm thực phục vụ đa dạng hấp dẫn và sức khỏe,1
giá rẻ chất lượng ổn,1
áo cỡ l form hơi to chắc cỡ m mới vừa,0
rất không đáng tiền áo quá mỏng mực in dỏm hàng kém chất lượng,0
mẹ mắng lúc sáng sớm là xui cả ngày :,0
học xong lớp 12 tao chỉ mong 1 đều đừng bao giờ có họp lớp :,0
60kg shop tư vấn xl nhưng ko mac vừa,0
váy kẻ đuôi cá hơi rộng nhưng cũng khá đẹp,0
chất lượng tạm đcvải ko co giản lắm,0
giảng viên này giáo dục học sinh với tấm lòng chân thành và nhiệt tình,1
shop giao nhanh đúng size giày giống vs hình nhưng đóng gói còn xơ xài ngoài ra thì rất tuyệt :smiling_face_with_smiling_eyes::smiling_face_with_smiling_eyes::smiling_face_with_smiling_eyes:,1
hộp hơi trầy nhưng hàng đóng gói kĩ,1
cậu ta suốt ngày chỉ biết dằn xì trét người khác,0
các thiết bị thiết kế đều được thiết kế để đáp ứng nhu cầu học tập của tương lai,1
mua tặng anh người yêu cái áo được anh ấy khen chất liệu tốt,1
giảng viên này hay bị gián đoạn và chứng tỏ mình là một người khá bừa bộn,0
chất lượng các mặt hàng khác ok,1
"Máy xuất xưởng 3/2012 xài android 2.3 cũ rích, nhiều lỗi vặt với bản 2.3 buid 07.448 pin 1150mah xài 1-1.5 ngày. Vọc nhiều 4-5 tiếng",0
cổ hơi sâu,0
quần đường chỉ may quá kém và xấu,0
giao do k dung maunt k tra loigiao cho co de du so luong,0
học phần được chia thành nhiều giai đoạn dễ theo dõi,1
vô trách nhiệm rất vô trách nhiệm,0
chất áo khá mỏng dễ rách phần tay áo,0
quần lót quá mỏng so với tưởng tượng,0
sinh viên này không bao giờ lắng nghe ý kiến của người khác và chấp nhận sự khác biệt,1
per hôn nhẹ lên má nha :rolling_on_the_floor_laughing:,1
sạc ko tự ngắt nguồnpin sau khi sạc đầy rất nóng,0
chưa dùng nên chưa biết chất lượng ra sao nhưng đóng gói sp tốt,1
vải mỏng tiền nào của nấy thôi,0
rất đáng tiền mà mua sản phẩm trên 200k vẫn k đc miễn phí ship như shop nói,1
áo chất thun gân dệt mỏng mềm và khá co giãn,1
vải cứng mặc nóng,0
chất lượng sản phẩm tốt chất lượng sản phẩm tốt chất lượng sản phẩm tốt,1
cần phát triển những chương trình học tập trực tuyến để phù hợp với thời đại công nghệ,0
sp rất tuyệt người bán hang nhiệt tình,1
cảm ơn anhchị đã giúp đỡ và truyền lửa cho em,1
xe hơi bé so vs tưởng tượng,0
mà áo mặc thì oke,1
ao len chat min đep,1
con cái nhà ai mà bố mẹ chăm cho đẫy đà ngon ngọt thế,1
chủ shop rep tin nhắn nhiệt tình mình mua hàng mà chỉ sợ rộng ai ngờ vừa như in,1
chất lượng sản phẩm khá tốt,1
hàng đẹp rất ưng ý :thumbs_up_light_skin_tone::smiling_face_with_hearteyes:,1
đồ ok sẽ mua tiếp lần sau :3,1
không thể nói gì hơn ngoài 2 chữ tuyệt vời ạ chắc chắn e sẽ mua tiếp ạ huhu áo đẹp quá thể đáng :,1
môi trường học tập an toàn và thân thiện,1
"Bạn đăng bài ghi sai kích thước màn hình model A7 (2016) chỉ có kích thước 5.5"" thôi. Giá này mà samsung đưa ra vẫn hơi chát so với cấu hình như vậy, chưa nên mua vào lúc này!",0
nói chung là 1 lũ lừa gạt thôi việt nam mình là vậy đó,0
ngàn :star::star::star::star::star::star::star::star: cho shop,1
mỗi tội form áo hơi dài vs rộng so với mình,0
bao bì móp méo lưu ý thêm nhé,1
tôi thấy rất tệ khi phải đến trường mỗi ngày vì không có đủ chỗ ngồi và vệ sinh thông thoáng,0
anh bạn tôi rất dễ mến và lúc nào cũng nở nụ cười,1
chương trình đào tạo rất đa dạng và hữu ích,1
vải hơi bóng,0
chất mỏng,0
sản phẩm đẹp rất đáng tiền,1
khó trồng quá bn ơi,0
đóng gói sản phẩm tạm được thời gian giao hàng tạm được,1
thích camera mi5 chụp hình quay phim đẹp. khẩu 2.0 mà bokeh cũng dk,1
các dịch vụ cơ bản như atm và phòng tập thể dục của trường rất tiện lợi cho sinh viên,1
đmm cái quần ngàn thu,0
áo đẹp mặc cũng đẹp nhưng khuyết điểm là lưng hơi chật,0
màu cam đất chứ không phải đỏ cam vải y hình nhưng chiều dài thực tế có vẻ ngắn hơn so với mẫu,0
nhìn 1 hồi thấy quen quen ai ngờ đúng thật :,1
trường hỗ trợ sinh viên tốt nhất có thể trong quá trình tìm kiếm việc làm và thi tuyển vào các trường đại học cao hơn,1
ps: shop phục vụ khách hàng tốt giao hàng tạm nhanh nên có 2 điểm cộng,1
chương trình đào tạo giúp tôi phát triển các kỹ năng đặc thù của ngành học của mình,1
chất liệu len khá oke,1
rẻ hơn tưởng,1
sinh viên này rất cầu toàn và không bỏ sót bất kỳ chi tiết nào,1
diệt kiến an toàn hiệu quả giá rẻ hơn mua bên ngoài,1
giảng viên này có đạo đức nghề nghiệp rất cao,1
mình cao 1m7 55kg vừa in size l,1
chất xấu,0
the campus has a good mix of social and academic activities allowing students to balance both aspects of university life,1
chương trình đào tạo có thể giúp sinh viên phát triển tư duy sáng tạo và năng lực problemsolving,1
lần đầu tiên đặt hàng trên mạng mà m tháy ưng như vậy 5 sao,1
giảng viên chưa đủ uy tín để giảng dạy cho sinh viên,0
chất lượng sản phẩm tuyệt vời đóng gói sản phẩm rất đẹp và chắc chắn form đẹp vải ok,1
tôi thấy mình được trang bị đầy đủ các kỹ năng cần thiết để phát triển sự nghiệp của mình trong tương lai,1
ông nào viết vui tính thế cưng thật,1
anh ấy là một người rất thực tế và có tinh thần khai phóng,1
có vài sinh viên không thể hỗ trợ tôi khi tôi cần giúp đỡ,0
nước mình chả í thức gì cả xả rác bừa bãi để trôi rác đầy đường thể này thật buồn,0
quần đẹp lắm sẽ ủng hộ shop lâu dài chất lượng sản phẩm tuyệt vời,1
các phòng học tại đây rất tiện nghi và tạo cảm giác thoải mái cho sinh viên,1
thầycô giảng dạy rất rõ ràng và có nhiều bài tập thực tế giúp các bạn sinh viên hiểu rõ hơn về chủ đề đang học,1
các chương trình học khác không được cấp phép bởi các tổ chức chính thức,0
nói túm lại mặc vào form đẹp lắm,1
đóng gói sản phẩm rất đẹp và chắc chắn chất lượng sản phẩm tuyệt vời thời gian giao hàng rất nhanh rất đáng tiền shop phục vụ rất tốt,1
from k rộg như hìnhở cánh tay hơi chật còn lại ok,1
trường có nhiều phòng họp cho sinh viên tổ chức các hoạt động,1
chất lượng sản phẩm tuyệt vời rất đẹp đáng khen,1
bao năm ăn học ở trg mà các vị làm vài vụ như thế nào 1 năm thì lại vui quá vks ạ,0
khá đẹp 90 ảnh nhìn khái quát ok,1
thích thật,1
từ nhỏ đến lớn chỉ nghe được câu mày béo thế mày nên giảm cân đi chứ không ai nói rằng mày gầy lắm ăn nhiều lên :grinning_squinting_face::grinning_squinting_face:,0
hôm nay đi qua vẫn thấy nói chuyện thải chảy thẳng ra sông thì bao giờ mới sạch được haiz,0
giảng viên giúp tôi hiểu rõ hơn về các giai đoạn của quá trình học tập,1
nói chung là thích hơn sp mình đã mua chỗ khác k có hoạ tiết,0
CHỨ BGIO THIẾT KẾ KO MỚI CHẢ LẼ ĐỂ NGUYÊN CON ĐỔI CÁI TÊN MỚI THÔI HẢ. 1 IFAN NẢN CHÍ CHO HAY,0
truyện thật đây này đang đi bình thường qua đoạn cầu giấy anh csgt thổi lại gạt chân chống lên em anh nhắc nhỉ thôi đi đi :face_with_tears_of_joy: hú hồn,1
nhưng góp ý cho shop 1 chút là nên ghi rõ đệm mút từng loại dày cụ thể bao nhiu mình ko thấy thông tin nên coi clip nhận hàng 1 cái mút vừa rất ưng 1 cái thì mới biết là loại nâng siêu dày vì shop up nhầm cái clip của 1 loại mút vừa khác vào t_t,1
bao năm giải phóng như thế này phải không anh,0
phòng tập thể dục trang bị đầy đủ thiết bị và rất rộng rãi,1
gặp tao thì tao khinh,0
đặt cho vui ko hy vọng gì nhiều với giá tầm 50k,1
chờ thằng kia lật mặt mãi không thấy,0
hệ thống thông tin của trường quá chậm và bị gián đoạn thường xuyên,0
các phòng học được bố trí đầy đủ tiện nghi cho sinh viên,1
tôi đập cho toè cái mỏ lun nha,0
mà sang hôm sau nó hông nghe được vậy shop,0
tóc quá ít sử dụng lộ hết tóc thật,0
giấy đẹp mịn đóng gói tốt nhưng 1 bịch giấy bị bẩn chắc bị bẩn từ trước khi đóng gói,1
chương trình đào tạo cần phải liên tục được cải thiện để đáp ứng được những yêu cầu khắt khe của thị trường lao động,0
bình sữa xinh nhưng khá to và nặng so với size 160ml giao hàng chậm,0
sẽ mua tiếp shop nũa:face_blowing_a_kiss::face_blowing_a_kiss::face_blowing_a_kiss:,1
tao cute mà các mày,1
quần mặc thích lắm shop ạ!,1
chất lượng sản phẩm tạm được giá cả chấp nhận được shop phục vụ tốt,1
khuôn viên trường được trang trí đẹp mắt góp phần tạo không gian học tập và sinh hoạt tốt hơn,1
túi đẹp lắm ạ ko mua tiếc lắm mọi người ơi 5 sao :thumbs_up:,1
được tặng gương nhỏ xinh :red_heart:,1
cảm on c chủ rất chu đáo và tận tình với khách hàng,1
môn học trong chương trình đào tạo đa dạng và phong phú,1
rách bao,0
đau chán riết quen có cái lol gì phải than vãn :,0
yên tâm đi ông trời không bất công với ai đâu,1
anh ta thường xuyên bị lừa dối người khác,0
đóng hàng chắc chắn gọn gàng,1
điều hòa mát lạnh,1
hệ thống thư viện của trường quá cũ kỹ và không đủ sách giáo khoa cần thiết,0
vải đẹp vừa form người nhỏ,1
cô ấy rất có năng lực và sáng tạo trong việc thiết kế,1
trường cần phấn đấu để đạt được các chuẩn mực và đội ngũ giáo viên với chuyên môn cao hơn,0
chất co dãn bình thường,0
xấu thật,0
chưa sử dụng nên không thể đánh giá được chất lượng sản phẩm,1
họ thường mở các cuộc thảo luận để giúp sinh viên học hỏi từ nhau,1
chất lượng sản phẩm tuyệt vời đóng gói sản phẩm rất đẹp và chắc chắnshop phục vụ rất tốt,1
hàng nhận không giong hinh,0
vải ko tốt,0
hỏi chân bt đi 3812 shop tư vấn đi 39 nhận được giày đầu tiên có hơi thất vọng về chất lượngvà đi quá rộng k khác gì bơi trong giày k tới đích,0
mấy bạn ấy thường xuyên đòi hỏi nhưng không làm được gì cả,0
bị mất niềm tin vào mua hàng qua mạng biết là mua hàng giá sale sẽ không đẹp bằng giá thường nhưng không nghĩ sản phẩm lại tồi đến nt chọn một màu gửi một màu shop cũng k nói là có size gửi toàn size bé tẹo như của trẻ con k vừa cái nào quá tồi,0
chất lượng sản phẩm tuyệt vời đóng gói sản phẩm rất đẹp và chắc chắn doi minh sai het minh se ung ho shop tiep,1
tuy là hàng order phải chờ nhưng cũng đág vs thời gian để chờ đợi lắm nhé các bn,1
họ đánh giá công bằng và trung thực,1
thời gian giao hàng chậm chất lượng sản phẩm kém,0
một số người bạn của tôi thường xuyên chèn ép tôi để giữ cho họ kiểm soát hoàn toàn tình huống,1
bây giờ nhìn vào cứ kiện tụng mà nãn :,0
đúng vậy dù có mệt mà đồng nghiệp nhiệt tình vui vẻ là cùng muốn đi hoài,1
chỉ có điều dây đàn mk lên đúng dc 1 lúc là lại bị trùng mong shop tư vấn cách khắc phục ạ,1
đồng hồ không dùng được gọi cứ sập nguồn shop lừa đảo nhắn tin không trả lời,0
í thức mấy đứa đi xem như lol,0
thiếu nơi phơi quần áo,0
giao hàng khá lâu chất thun áo ko tốt lắm phải may thêm cho khít tạm tạm,0
vải mặc hơi nóng,0
anh ta luôn thích làm phiền và làm khó người khác,0
bớt chọc điên tao và bớt leo lên đầu tao ngồi :slightly_smiling_face: hãy để yên cho tao hiền :upsidedown_face:,0
tôi rất hài lòng với các cơ sở vật chất của trường,1
màu hơi tối hơn trong ảnh chút thôi,0
chân váy đẹp chất vải tốt chưa biết có ra màu không mua hàng ở shop nhiều lần đều ưng ý hàng có hư hỏng gì shop cũng hỗ trợ hết mình thời gian giao hàng rất nhanh mất tầm 2 ngày là có hàng,1
size s mặc hơi bị chật vai tay,0
cài app tiếng trung hơi khó nhưng shop cực nhiệt tình 6h sáng cũng hướng dẫn tận tình,1
cả lớp đều khó chịu với những câu hỏi vớ vẩn của anh ấy,0
nói chung mấy dạng quần này thiết kế cho bầu nhưng chất liệu quá chán,0
size 36 cứ như là 37 v,0
chương trình học cung cấp cho tôi rất nhiều kiến thức tốt cho sự nghiệp sau này,1
áo bị lủng lổ,0
shop phục vụ rất tốt thời gian giao hàng rất nhanh rất đáng tiền,1
mua được,1
không có kênh thông tin cập nhật và thường xuyên với sinh viên,0
chọn màu này lấy màu kia,0
một số sinh viên luôn cố gắng để đánh bại tôi trong các cuộc tranh luận,0
đẹp lắm luôn ạ,1
thầy rất tận tâm và truyền cảm hứng cho học viên,1
k đặt cơm cháy nhưnh vẫn gửi và gửi tjieeus 1 cân,0
shop giao nhầm size :,0
dù đúng hay sai cũng đừng bao giờ cãi nhau với con gáo đến cuối cùng mày vẫn sai,0
đào tạo ở trường này giúp tôi có nhiều cơ hội nghề nghiệp,1
trưởng bộ môn rất tận tâm và hoàn thành tốt nhiệm vụ giảng dạy,1
chất lượng kém,0
đat sz m mà nguoi 50tuoi mac còn chat,0
shop đã giao sai hàng cho khách hứa hẹn đổi trả nhưng chẳng thấy đâu,0
năm ngoái cũng mua 1c quần warm bên shop rquần chất khác so với năm ngoái cứng hơn shop ạ,0
trường có nhiều cơ sở vật chất hiện đại hỗ trợ cho việc học tập và nghiên cứu của sinh viên,1
khổ thân con mèo :,0
khuyên các bạn đừng hàm rẻ mà mua kẻo lại lỡ mua nhầm phải máy kém chất luợng giống mình,0
anh ấy là một người đồng nghiệp tốt bụng và tận tâm luôn chia sẻ những chuyện học tập hữu ích với mọi người,1
giảng viên này cần phải đưa ra nhiều hỗ trợ thêm cho học sinh không có kinh nghiệm,0
kiểu đẹp vải êm shop phục vụ tốt :thumbs_up::red_heart:,1
sinh viên không được động viên để phát triển khả năng của mình,0
độ nóng rất kém uốn mãi chẳng cong,0
họ có tinh thần hợp tác và làm việc nhóm tốt,1
giảng viên này dạy rất mệt lại còn cố tình làm khó sinh viên,0
và nếu có 1 người yêu mà chơi với nhiều thằng con trai thì hãy cẩn thận mày có thể bị cắm sừng khi nào không hay,0
sau cùng cả 2 đều bị ảnh hưởng trầm trọng :,0
vải ok mình 60kg bị chật,0
các phòng tự học của trường rất nhỏ và không đủ chỗ ngồi để phục vụ sinh viên,0
đóng gói đẹp nè,1
màu cũng ko như hình luôn,0
đóng của trường đi bắt bỏ tù loai người xấu xa : ham lợi nhuận : lừa đảo phụ huynh lấy tiền,0
thầy giảng dạy có hệ thống và có kế hoạch rõ ràng,1
bà mẹ tháng cô hồn nghèo rớt mồng tơi mà cứ chiếu phim tiền đâu mà coi trời oi là troi,0
thêm thái độ của người bán hàng chua ngoa đanh đá,0
đóng gói sản phẩm đẹp,1
bán hàng nhái,0
chất lượng sản phẩm rất kém ko có độ co giãn,0
chất áo hơi mỏng,0
hang ko giong nhu hinh anh xau ko tuong,0
những bài tập lớn trong môn học giúp sinh viên học tập sâu hơn,1
màu không giống hìnhthoa lên như bệnh :grinning_face_with_sweat:,0
thiệt là cao minh hahaaa,1
shop phục vụ tốt,1
luôn tin tuởng ở snk,1
sản phẩm đúng mô tả nhưng ko thấy nhãn mác dây ngang áo nhỏ siết quả lại to ko ôm ngực ko mặc được thất vọng,0
bạn cùng phòng của tôi vô cực bừa bãi và không chịu giữ gìn sự sạch sẽ,0
các phòng học được trang bị đầy đủ các phần mềm và thiết bị máy tính cần thiết để hỗ trợ học tập giúp sinh viên tiết kiệm chi phí cho việc mua sắm thiết bị riêng,1
tao cười tao ỉa hâhhahhahahahaha,1
vải dày fom y hình,1
thời gian giao hàng rất nhanh đóng gói sản phẩm rất đẹp và chắc chắn đóng gói sản phẩm rất đẹp và chắc chắn rất đáng tiền,1
chất lượng sản phẩm tuyệt vời chất lượng sản phẩm tuyệt vời bộ hồng với vàng màu đẹp lắm,1
shop ship hàng siêu nhanh,1
mát lồng lộng mày ạ,1
cô ấy luôn đòi hỏi người khác phù hợp với ý của mình mà không quan tâm đến tình hình thực tế,0
hơi bay mùi keo,0
mua 3 bộ thì một bộ tạm mặc 1 bộ giao cho cái quần đúng kiểu rẻ lau 1 bộ quần chật vừa mặc đã sợ rách,0
mình rất ít khi đánh 1 sao nhưng lầ này thật sự quá thất vọng,0
đường may ẩu thả,0
và rồi cô ấy sẽ mãi mãi không có người yêu,0
bộ đẹpdày dặnchưa mặc thử đc vì đang bầu to nhưng m thấy chất lượng tốt so với giá tiền,1
giao hàng nhanh nhưng k đúng mẫu chọn chất vải tạm được,0
đen hơi nho,0
check inb rất lịch sự,1
tuy vải hơi mỏng,0
giảng viên này không có phương pháp giảng dạy phù hợp với từng sinh viên,0
chị ấy có tính cách chủ nghĩa và chăm chỉ đúng giờ,1
hàng tốt sài ok nhưng giao hàng hơi chậm,1
nut mà cũng thiếu sao mặc bó tay,0
đóng gói sản phẩm rất đẹp và chắc chắnnhưng hơi chật so với minhg,1
chất lượng sản phẩm cũng tốt nhưng vải hơi mỏng,0
hang kem chat lượng giao hàng k đúng,0
quần hơi ngắn,0
mặc dù có chú thíc rõ là mua 2 màu khác nhau 1 xám và 1 đen nhưng lại bị giao nhầm cả 2 đen,0
không cảm thấy hài lòng về cách phục vụ,0
cho 5 sao,1
đường may không đều thẳng,0
ăn cút mẹ mày ra chỗ khác ăn nhé,0
giặt xong nó bị nhăn và bị rách chỗ chữ bên tay áo,0
chưa có cơ hội dùng nhưng thấy may đẹp :,1
chất vải đẹp giống hình,1
nan quá,0
chất lượng ok với giá 100k,1
thời gian giao rất nhanh,1
tạm được không đẹp như hình chất vải bình thường vải lưới,0
đừng ai mua cái shop này,0
người này là một người rất tận tâm và trung thành,1
áo tay k dài lắm,0
khuy gôm loai 6cm 3 cai loai 3 cm 4cai,0
thầycô giảng nói chuyện rất rõ ràng và có thái độ tốt đối với học viên,1
cái áo trong hình thì dài:mà giao như áo nửa lưng:thất vọng:ae đừng mua nhé:buôn bán cho đàng hoàng vào:shop bán như quần:,0
nếu k có màu đấy thì nên ib cho khách để hỏi có lấy màu khác không chứ k nên cứ giao theo ý mình,0
trường thiếu sự minh bạch và sự đáp ứng nhu cầu của sinh viên,0
mẹ trung thu là tết thiếu nhi có phải mùa động dục đâu mà phải có người yêu nhỉ vớ va vớ vẩn :unamused_face:,0
không có đủ bàn và ghế cho sinh viên,0
nàng ấy chả yêu ta gì cả,0
cưỡng hôn 200 nghìn thu trăm tỷ phạt 5 triệu đói trộm 2 cái bánh mỳ 45k phạt đi tù,0
bạn ấy thường bướng bỉnh và không quan tâm đến ý kiến người khác,0
tất khá mỏng,0
treo đầu dê bán thịt chó hình đăng thì khác giao hàng thì khác hoàn toàn không giống 1 chi tiết đặt hàng nhà mô hình h012a giao h012b đặt hàng trên hình thì màu xanh giao mô hình nhà màu hồng con gái tôi đã bị lần này là lần thứ 2 tôi đặt lại có để lại chú ý rằng mô hình màu xanh,0
mình mua 7 món nhưng shop chỉ giao 5 và vẫn tính tiền 7,0
dễ bung nút áohạt mút cách nhau quá,0
chất lượng sản phẩm tuyệt vờimua 2lan rồi và muốn mua nhiều lan nữa,1
Quá đẳng cấp ! thế này mới xứng gọi là Smartwatch !,1
hơi mỏng không có đệm bên trong,0
thái độ của shop ko thích kẹp mua ko kẹp đc chút tóc nào luôn kem trị sẹo bảo tiếng nga hết lấy về 1 nửa tiếng nga 1 nửa tiếng anh shop phục vụ rất kém rất không đáng tiền chất lượng sản phẩm rất kém,0
"xấu không thể tả, samsung hết ý tưởng rồi",0
đi đâu cũng ngó ngang ngó dọc để được nhìn thấy crush :face_with_tears_of_joy: ngóng nó đến mức cổ dài ra hẳn mấy cái :face_with_tears_of_joy:,1
học tập tại đại học này giúp tôi trở nên đầy tự tin với sự chuẩn bị hoàn hảo cho cuộc sống sau này,1
chất lượng sản phẩm tuyệt vời hàng đẹp lắm shop ơi cảm ơn shop nhiều nhiều,1
form giày nhỏ,0
chất áo và form ko giống trong hình,0
vải rất mỏng đường may xấu,0
shop jao hang thieu 10000 vien nhua mau,0
per nhất định chị em mê tín mình p đi xem phim này rồi,1
đóng gói sản phẩm rất đẹp và chắc chắn đóng gói sản phẩm rất đẹp và chắc chắn chất lượng sản phẩm tuyệt vời thời gian giao hàng rất nhanh thời gian giao hàng rất nhanh thời gian giao hàng rất nhanh,1
đóng gói sản phẩm chắc chắn thời gian giao hàng nhanh,1
hàng bọc cẩn thận giao hàng nhanh,1
đường may xấu,0
giáo trình không giới thiệu cho sinh viên các công cụ cần thiết trong công việc,0
giảng viên giúp sinh viên hiểu rõ hơn về định hướng nghề nghiệp của mình,1
bạn cùng nhóm rất tỉ mỉ và chú ý đến chi tiết,1
nc là khá hài lòng rất đáng tiền,1
áo đẹp nhưng nhỏ hơn size 34 mình thường mặc nhiều,1
phòng tập thể dục được trang bị đầy đủ các thiết bị và máy móc đồng bộ,1
ko uy tín,0
chất lượng sản phẩm tạm được đóng gói sản phẩm tạm được thời gian giao hàng tạm được shop phục vụ rất tốt không đáng tiền,1
áo bị lem bẩn làm sao giặt sạch đc hả shop giặt đc đỡ p trả hàng,0
đồ đẹp qa shop ơi :smiling_face_with_hearteyes::smiling_face_with_hearteyes: cơn shop nhìu nhé :two_hearts::two_hearts: shop phục vụ rất tốt,1
tiền nào của đỏ,0
hàng ko giống mẫu,0
chất vải ko được đẹp lắm,0
hàng đẹp lắm ạmặc dù đợi lâu tí :,1
chuẩn bị prayforparis thôi 23 tuần kể từ khi phe áo vàng làm loạn rồi mà vẫn chưa dẹp được,0
hệ thống máy lạnh và phòng máy của trường cấp độ cao giúp sinh viên học tập tập trung hơn,1
thầy thường xuyên tạo cơ hội cho sinh viên thảo luận và chia sẻ kinh nghiệm,1
bạn khốn nạn,0
áo đẹp màu như ảnh mình rất ưng,1
giảng viên này làm tôi cảm thấy mệt mỏi và nhàm chán,0
thời gian học tập quá dài và áp lực quá cao,0
nó đang lợi dụng mày,0
váy không được phồng lắm,0
giảng viên đã tạo ra một môi trường học tập đầy đủ nguồn lực cho sinh viên,1
phòng học quá sáng gây mỏi mắt khi học,0
chất ok!,1
cô ấy luôn hiểu lầm người khác một cách dễ dàng,0
điểm 10 cho sự phục vụ của shop,1
tuy nhiên giao hàng quá chậm,0
thầy rất tận tâm và thông minh,1
chia buồn cùng nước pháp,0
nên đành chịu,0
rất đáng tiền áo rất đẹp chất vải mặc rất mát,1
nhưng rộng wa!,0
thấy khá nhẹ người chờ thêm nửa tháng nữa đánh giá lại,1
tư vấn ko nhiệt tình trả lời cộc lốc với ng mua,0
anh ấy là một người đồng nghiệp cởi mở và hỗ trợ rất nhiệt tình giúp em trở nên tự tin hơn,1
khu vực ăn uống rất đa dạng và tuyệt vời cho sinh viên,1
thầycô là người rất nhiệt tình luôn sẵn sàng hỗ trợ học viên,1
mỗi tội mùi hơi khó chịu,0
thầy giúp chúng tôi phát triển kỹ năng tự học và tự động hoá quá trình học tập,1
khuôn viên trường không được an ninh tốt để bảo vệ sinh viên,0
chất lượng sản phẩm tuyệt vờisản phẩm tốtchất lượng shop phục vụ rất tốt rất đáng tiền,1
áo đẹp màu đỏ ở ngoài đậm hơn ở trong hình,1
shop gói hàng cẩn thận,1
quần xinhhhhh ạ,1
dume sởn gai ốc :loudly_crying_face:,0
:thumbs_up_light_skin_tone::thumbs_up_light_skin_tone::thumbs_up_light_skin_tone: ưng lắm ạ,1
giao sai màunói cho shop thì shop k chịu nhận saichán:pensive_face:,0
học sinh này có khả năng quan sát và phân tích tốt,1
hang đep nhưng cua minh 1sai,1
ao chất đc nhug shop đua hàg lỗi thủ tục đổi hàng cũng qa fiền fức form áo nhỏ dáng ngắn 43ki 1m53 fai mac size m mới vừa muốn thoải mái dài hơn tý fải l áo bị nhiều vết loang như thấm dầu vậy ở tận tphcm fí ship cũng khá cao bằng 1nửa giá áo,0
nên mua đi rất êm chân,1
tạm được túi áo bị tuột len,0
giao hàg thì thôi nhah khỏi nói,1
nó ở cái tầm vũ trụ chuẩn mẹ rồi,1
vay hk đep,0
vải đẹp áo đẹp hình đẹp rất yêu bác,1
có hơi khác trong hình một xíu,0
sẽ ủng hộ shop lâu dài,1
áo đẹp lắm nhé shop,1
không có sự đổi mới trong việc đầu tư cơ sở vật chất,0
qa te,0
mua 2 hộp phấn mắt hộp 07 kiss mặt phấn mới hộp 05 joy jam mặt phấn như đã qua sử dụng,0
sp ok chỉ là số nó hơi nhỏ so với mình m chọn loại lớn nhất rồi nhưng mặc vẫn chật,1
em và người yêu em đều thích,1
thằng lol này tao đéo biết nó sống tốt với mọi người xung quanh như thế nào nào nhưng nó đã ngu còn tỏ ra ngu hẳn nữa,0
cá nhân mình nghĩ nó dừng hay đỗ đúng sai thì đã có ca pạt còn nó đỗ trước cửa nhà mình mà oto hay xe không ra vào được thì lúc đó mới ý kiến công nhận bọn oto đỗ trước nhà nhìn chỉ muốn đốt,0
chàng trai đó luôn cố tỏ ra tốt bụng nhưng lại thường có hành động giả tạo,0
giao thiếu 1 sản phẩm,0
và yêu đổi lại hàng,0
vải đẹp dày dặn,1
những môn đại cương cần được hệ thống hóa để giảm thiểu sự chênh lệch trong kiến thức của sinh viên,0
đặt xl dặn kỷ rồi vẫn giao size l,0
trường có đầy đủ các dịch vụ hỗ trợ như tư vấn chuyên môn và nghề nghiệp giúp tôi tự tin hơn trong cuộc sống,1
quá buồn,0
áo khá nhỏ,0
màu ko giống hình,0
đóng gói sản phẩm chắc chắnáo trg hình màu hồng nhg khi giao thì là màu tímhơi thất vọng!,0
thầy luôn sẵn sàng giúp đỡ sinh viên khi chúng tôi gặp khó khăn,1
mấy bạn ấy thường không chấp nhận sự lỗi lầm của bản thân,0
áo dễ thương nhưng cổ không giống hình,0
cùng cười cùng khóc cùng vượt qua khó khăn đau khổ nhưng cuối cùng lại là con số 0 :,0
mới mua của shop hôm vừa rồi,1
giảng viên này đã giúp tôi cải thiện kinh nghiệm và kỹ năng cá nhân của mình,1
ăn ở như nào mà tới bị con ngáo nó lùa ?,0
thanhks !,1
tôi không muốn tiếp xúc với ai như hắn ta nhút nhát và không có ý chí,0
đẹp shop chăn sóc khách hàng tốt,1
các tòa nhà học tập của trường được thiết kế đẹp mắt và hiện đại,1
vải mát,1
giận con mẹ mày nữa chứ giận :,0
trang thiết bị ở khuôn viên của đại học đa dạng và phong phú,1
các chỗ để ngồi trong trường rất thoải mái và thuận tiện,1
giảng viên luôn sẵn sàng hỗ trợ học viên khi cần thiết và khuyến khích việc đưa ra câu hỏi và ý kiến,1
form áo rất ổn nhưng chất phải k đều mặt trc vải thô cứng hơn mặt sau,0
nói chung là ổn so với giá tiền ok cho 5,1
tôi cảm thấy rất hạnh phúc khi học tại đại học này vì nó đáp ứng được mong muốn và đáng nói là rất tuyệt vời,1
1 sao cũng k đáng!,0
mưa sấp mặt về đi,0
mẫu này k thích,0
chất lượng sản phẩm tuyệt vời đóng gói sản phẩm rất đẹp và chắc chắnhàng bao đẹp ạ,1
mỗi lớp học tại đây đều được trang bị chóng mặt và đầy đủ những trang thiết bị cần thiết,0
chất lượng sản phẩm tốt nhưng có 1 cái thiếu tem mác :,1
mình 40kg k mang được,0
chương trình học quá rời rạc và không dễ hiểu,0
đồng nghiệp của tôi là một người rất cởi mở và luôn tôn trọng ý kiến của thành viên khác trong nhóm,1
đóng mỗi ví có nilong có một hộp to ghi thương hiệu mình nghĩ đồ da do shop tự làm chứ ko phải trung gian,1
trước giờ mình mặc rất thích,1
đm lừa đảo hằng năm cả trăm tỉ giờ phạt có 5 triệu : chán vãi,0
tôi cảm thấy không có sự quan tâm đến từ giảng viên này đối với học sinh,0
đóng gói sản phẩm rất đẹp và chắc chắn shop phục vụ rất tốt rất đáng tiền chất lượng sản phẩm tuyệt vời áo đẹp,1
đóng gói sản phẩm rất đẹp và chắc chắn hơi cộc so voi chiều cao của mh,1
về giặt túi là vứt luôn,0
chất liệu vải ok,1
